MaterialID,name,rarity,type,source,intro,relatedFood,relatedWeapon,LABEL
m0,「诤言」的教导,2星,角色天赋素材,活动获得秘境获得昏识塔精通秘境:圆镜Ⅰ/Ⅱ/Ⅲ/Ⅳ（昏识塔限时开启）时间：周一/周四/周日,「诤言」是智慧之国的枝干。诤言出于纯净的心智。唯有清醒纯善的言语，方能表达深秘的智慧，令睿智之种突破傲慢的壅阻，生根繁茂。,N/A,N/A,Material
m1,「笃行」的教导,2星,角色天赋素材,活动获得秘境获得昏识塔精通秘境:律藏Ⅰ/Ⅱ/Ⅲ/Ⅳ（昏识塔限时开启）时间：周三/周六/周日,N/A,N/A,N/A,Material
m2,「天光」的教导,2星,角色天赋素材,活动获得秘境获得菫色之庭精通秘境:真葛废都I/II/III/IV（菫色之庭限时开启）时间：周三/周六/周日,N/A,N/A,N/A,Material
m3,「浮世」的教导,2星,角色天赋素材,活动获得秘境获得菫色之庭在稻妻开启宝箱时概率获得精通秘境:菫染之国Ⅰ/Ⅱ/Ⅲ/Ⅳ（菫色之庭限时开启）时间：周一/周四/周日,雷之国土的梦想是浮世。浮世之荣华乃是人之美的最高体现。人之在世岂不与疾电相类？如美梦或花火般浮华一瞬，在永恒的夜幕中留下绚烂的印记。,N/A,N/A,Material
m4,「风雅」的教导,2星,角色天赋素材,活动获得秘境获得菫色之庭精通秘境:初雷幽谷Ⅰ/Ⅱ/Ⅲ/Ⅳ（菫色之庭限时开启）时间：周二/周五/周日,雷之国土的姿容是风雅。风雅是不谄媚。风雅之人永远是高贵的。正似只愿高飞与雷暴争鸣的海鹰;迎合鄙俗则恰如将花冠倒插泥淖，仅让尊严染上了污渍。,N/A,N/A,Material
m5,「巧思」的教导,2星,角色天赋素材,活动获得秘境获得昏识塔精通秘境:妙语Ⅰ/Ⅱ/Ⅲ/Ⅳ（昏识塔限时开启）时间：周二/周五/周日,「巧思」是智慧之国的叶脉。巧思生自良善的意旨。所谓「毒树不结善果」，良善坚定的意念才能孕育巧妙周到的思谋，方不沾染智慧之名。,N/A,N/A,Material
m6,东风之爪,5星,天赋培养素材,周常BOSS掉落70级以上风魔龙挑战奖励,"从蒙德的东风之主身上，取下的一丝锋锐。
因为过去撕裂了伟大魔龙「杜林」的血肉的缘故，过去蕴含着骇人的猛毒。但经过你的净化与治愈，其中躁动的毒性终于平息。",N/A,N/A,Material
m7,雾海云间的转还,5星,武器突破素材,秘境获得合成获得震雷连山密宫炼武秘境:鸣雷城虚Ⅳ（震雷连山密宫限时开启）时间：周二/周五/周日,赋予武器突破之力的材料。这是金丹的最高品质，它模拟了混沌初开、清浊不分、天地一体的状态。据说这个是天地创世的缩影。当然，那位是知道的，世界的重现不是这样的。,N/A,N/A,Material
m8,孤云寒林的神体,5星,武器突破素材,秘境获得合成获得震雷连山密宫炼武秘境:雷云祭坛Ⅳ（震雷连山密宫限时开启）时间：周一/周四/周日,赋予武器突破之力的材料。于此躁动、作崇的，正是嗟叹连绵的众神圣骸之体。它们是未能实现的理想，对人类另一种幸福生活的描绘。它们以深海、层岩收纳，却不愿意就此入梦。,N/A,"和璞鸢
 斫峰之刃
 若水
 碧落之珑
 黑岩绯玉
 白影剑
 黑岩长剑
 流月针
 弓藏
 匣里日月
 黑岩战弓
 千岩古剑
 遗祀玉珑
 匣里龙吟
 暗铁剑
 白缨枪
 翡玉法球
 弹弓",Material
m9,漆黑陨铁的一块,5星,武器突破素材,秘境获得合成获得震雷连山密宫炼武秘境:古雷试炼场Ⅳ（震雷连山密宫限时开启）时间：周三/周六/周日,N/A,N/A,"尘世之锁
 贯虹之槊
 护摩之杖
 万国诸海图谱
 试作古华
 铁蜂刺
 试作星镰
 钢轮弓
 螭骨剑
 千岩长枪
 衔珠海皇
 落霞
 筑云
 飞天御剑
 飞天大御剑
 黑缨枪",Material
m10,高塔孤王的碎梦,5星,武器突破素材,秘境获得合成获得塞西莉亚苗圃炼武秘境:水光之城Ⅳ（塞西莉亚苗圃限时开启）时间：周一/周四/周日,N/A,N/A,"风鹰剑
 松籁响起之时
 宗室秘法录
 西风秘典
 绝弦
 西风剑
 钟剑
 宗室长剑
 暗巷闪光
 苍翠猎弓
 雪葬的星银
 幽夜华尔兹
 辰砂之纺锤
 狼牙
 冷刃
 铁影阔剑
 魔导绪论
 鸦羽弓",Material
m11,凛风奔狼的怀乡,5星,武器突破素材,秘境获得合成获得塞西莉亚苗圃炼武秘境:深没之谷Ⅳ（塞西莉亚苗圃限时开启）时间：周二/周五/周日,N/A,N/A,N/A,Material
m12,狮牙斗士的理想,5星,武器突破素材,秘境获得合成获得塞西莉亚苗圃炼武秘境:渴水的废都Ⅳ（塞西莉亚苗圃限时开启）时间：周三/周六/周日,赋予武器突破之力的材料。温妮莎从奴役之中得到了自由。结果锁住她的东西越来越大了：从族人变成了整个蒙德甚至变成了「自由」，乃至这个世界。她是发自真心这么希望着的：愿这个世界变得更加坚强一些。,N/A,"四风原典
 狼的末路
 阿莫斯之弓
 天空之脊
 苍古自由之誓
 祭礼残章
 宗室大剑
 西风猎弓
 宗室长弓
 祭礼剑
 西风大剑
 西风长枪
 腐殖之剑
 忍冬之果
 风花之颂
 暗巷猎手
 饰铁之花
 旅行剑
 白铁大剑
 异世界行记
 反曲弓",Material
m13,武炼之魂·孤影,5星,天赋培养素材,周常BOSS掉落70级以上黄金屋挑战奖励,N/A,N/A,N/A,Material
m14,「黄金」的教导,2星,角色天赋素材,活动获得秘境获得太山府精通秘境:焚尽之环Ⅰ/Ⅱ/Ⅲ/Ⅳ（太山府限时开启）时间：周三/周六/周日在璃月开启宝箱时概率获得,岩之国土的象征是黄金。黄金是流淌在璃月土地深处的血液，是鼓动璃月的心脏有力搏动的肌肉，是让璃月傲然挺立的筋骨。,N/A,N/A,Material
m15,「勤劳」的教导,2星,角色天赋素材,活动获得秘境获得太山府精通秘境:深炎之底Ⅰ/Ⅱ/Ⅲ/Ⅳ（太山府限时开启）时间：周二/周五/周日,"岩之国土的根基是勤劳。
勤劳即为通过人的努力，克服高山与大海，追求繁荣与黄金的勇气与力量。",N/A,N/A,Material
m16,「繁荣」的教导,2星,角色天赋素材,活动获得秘境获得太山府精通秘境:炽炎祭场Ⅰ/Ⅱ/Ⅲ/Ⅳ（太山府限时开启）时间：周一/周四/周日,岩之国土的追求是繁荣。繁荣是璃月的恩惠，是璃月的神与人共同建立的伟大城市，是璃月的大地安全和平的源泉。,N/A,N/A,Material
m17,「诗文」的教导,2星,角色天赋素材,活动获得秘境获得忘却之峡精通秘境:沉睡之国Ⅰ/Ⅱ/Ⅲ/Ⅳ（忘却之峡限时开启）时间：周三/周六/周日,风之国土的灵魂是诗文。诗文是美好的心意。在美好的日子里，吹拂原野的风中飘扬着田园诗、情诗，如和风拨动草叶般拨动人们的心。,N/A,N/A,Material
m18,「抗争」的教导,2星,角色天赋素材,活动获得秘境获得忘却之峡精通秘境:冰封废渊Ⅰ/Ⅱ/Ⅲ/Ⅳ（忘却之峡限时开启）时间：周二/周五/周日,风之国土的脊梁是抗争。蒙德的历史即是抗争的历史。抗争是为了蒙德过去的一切抗争不被遗忘，如同草木突破土壤，如同恒风洞穿石墙。,N/A,N/A,Material
m19,「自由」的教导,2星,角色天赋素材,活动获得秘境获得忘却之峡精通秘境:霜凝祭坛Ⅰ/Ⅱ/Ⅲ/Ⅳ(忘却之峡限时开启)时间：周一/周四/周日,风之国土的精神是自由。自由其一，是生存的自由，即是能健全、健康地生活，而不必担心朝不保夕的自由。,N/A,N/A,Material
m20,「纷争」的指引,3星,角色天赋素材,合成获得活动获得秘境获得蕴火的幽墟精通秘境：旋复Ⅰ/Ⅱ/Ⅲ/Ⅳ（蕴火的幽墟限时开启）时间：周三/周六/周日,"天赋培养素材。
火之国土的事理是纷争。
纷争永远能够被更高层面的力量介入并解决，而非不可收拾，这让一切都得以进入可控的境地。纷争亦是一种局限，禁止不计成本地推诿下去，而是要求参与方更干净利落地得出结果。",N/A,N/A,Material
m21,灼灼彩菊,1星,纳塔区域特产,柴薪之丘采集圣火竞技场周边采集,N/A,N/A,N/A,Material
m22,「角逐」的指引,3星,角色天赋素材,合成获得活动获得秘境获得蕴火的幽墟精通秘境：转竟Ⅰ/Ⅱ/Ⅲ/Ⅳ（蕴火的幽墟限时开启）时间：周一/周四/周日,N/A,N/A,N/A,Material
m23,「焚燔」的指引,3星,角色天赋素材,合成获得活动获得秘境获得蕴火的幽墟精通秘境：空华Ⅰ/Ⅱ/Ⅲ/Ⅳ（蕴火的幽墟限时开启）时间：周二/周五/周日,N/A,N/A,N/A,Material
m24,浪沫羽鳃,1星,纳塔区域特产,野外采集涌流地采集「流泉之众」周边采集,生长在海边如羽状的特殊物种，看似是水草般的植物，实际上是形态特殊的水栖软体珊瑚。,N/A,N/A,Material
m25,青蜜莓,1星,纳塔区域特产,野外采集踞石山采集「悬木人」下方采集,青蓝色的，汁液丰富的莓果。其果树大片生长在「悬木人」部族附近，是形态与火榴果相近的植物。,N/A,N/A,Material
m26,肉龙掌,1星,纳塔区域特产,野外采集硫晶支脉采集,形如巨大动物爪掌的多肉植物。,「强水」,N/A,Material
m27,初露之源,1星,枫丹区域特产,野外采集推荐：莫尔泰区水下采集,悬浮于莫尔泰区水体深处的清澈露滴，与常见的纯水造物不同，似乎凝聚着更为原始而纯粹的元素能量。,N/A,N/A,Material
m28,子探测单元,1星,枫丹区域特产,野外采集枫丹动能工程科学研究院区采集,枫丹科学院利用新型奇械构件生产的微型探测单元，原本用以监测各类环境数据。,N/A,N/A,Material
m29,湖光铃兰,1星,枫丹区域特产,野外采集推荐：伊黎耶林区采集,明澈而澄净的苍色花卉。生于水脉汇聚之处，其香清冷淡雅，辛凉柔婉。,N/A,N/A,Material
m30,「秩序」的指引,3星,角色天赋素材,秘境获得合成获得苍白的遗荣精通秘境:琅诵Ⅱ/Ⅲ/Ⅳ(苍白的遗荣限时开启)时间：周三/周六/周日,N/A,N/A,N/A,Material
m31,清水玉,1星,璃月区域特产,野外采集推荐：沉玉谷·南陵采集,出产于沉玉谷的玉石。触感凉如清水，因此而得名。在先民的古老传说中，散落岩间的玉石来自碧色的高天。彼时尚未陷入缄默的使者将温润如月的美玉赐予先民，指引他们筑起通天的祭台，聆听示下的幸福与灾祸。其后，由先民退化而来的诸多部落依然保持了原始而朴素的信仰，对「玉」这一意象的尊崇也与璃月的传统合流，构成了今日文化的样貌。,N/A,N/A,Material
m32,「正义」的指引,3星,角色天赋素材,秘境获得合成获得苍白的遗荣精通秘境:箴铭Ⅱ/Ⅲ/Ⅳ(苍白的遗荣限时开启)时间：周二/周五/周日,N/A,N/A,N/A,Material
m33,「公平」的指引,3星,角色天赋素材,秘境获得合成获得苍白的遗荣精通秘境:旋韵Ⅱ/Ⅲ/Ⅳ(苍白的遗荣限时开启)时间：周一/周四/周日,"水之国土的堤岸是公平。
公平是枫丹立国的基础。公平形成了律法的准绳。假若律法失去公平的本质，必沦为敛利的棋盘。",N/A,N/A,Material
m34,幽光星星,1星,枫丹区域特产,野外采集推荐：黎翡区采集,在水中会发出柔浅微光的软体动物。大多攀附在水边或水下的人造建筑表面。,N/A,N/A,Material
m35,海露花,1星,枫丹区域特产,野外采集推荐：塞洛海原采集,幽淡而高贵的蓝色花卉。柔软的花蕊具备良好的吸水性和弹性，是诸多日用品的原材料。,N/A,N/A,Material
m36,苍晶螺,1星,枫丹区域特产,野外采集推荐：塞洛海原采集,散发着幽光的贝状结构。似乎是纯净的元素能量凝结而成的产物，而非某种生物的甲壳。,N/A,N/A,Material
m37,虹彩蔷薇,1星,枫丹区域特产,"野外采集推荐：苍晶区采集
枫丹廷蔬果贩欧仁妮处购买（每三天5个）",纤婉而柔洁的粉色花卉。虽然被称作蔷薇，但本质上更接近百合。,N/A,N/A,Material
m38,柔灯铃,1星,枫丹区域特产,野外采集枫丹廷北部采集,静雅而清美的紫色花卉。其香清淡悠长、细腻柔和，因此常被用来制作名贵的香水。,N/A,N/A,Material
m39,万相石,1星,须弥区域特产,野外采集须弥沙漠采集推荐：铁穆山采集,分布在荒原群山的深处，散发着异彩的特殊辉石，似乎是由混化的元素能量凝结而成的。在须弥的传说中，地下曾有被称为茶诃的古国，因背弃正理而引来了漆黑的灾厄。在蔽日的大战中，就连最坚硬的岩石也被点燃。后来战火渐熄，残留在劫后大地上的便是这些深红的矿石，倘若仔细倾听，其中似乎仍回荡着那场战争的遗响。,N/A,N/A,Material
m40,悼灵花,1星,须弥区域特产,野外采集须弥沙漠采集推荐：锋刃林泽采集,N/A,N/A,N/A,Material
m41,沙脂蛹,1星,须弥区域特产,野外采集须弥沙漠采集推荐：沙虫隧道采集,在沙漠深处流沙鳗鳗的繁殖地才能找到的枯壳。其坚硬的表壳是为了保护流沙鳗鳗的幼体，直到它们得以适应炎热干燥的沙漠环境而存在的。在沙漠民的传说中，流沙鳗鳗同沙虫一样，都是曾经吞噬太阳的巨蛇的后嗣。这一说法虽属不经，但从对沙脂蛹的研究来看，其在成分上与沙虫的体脂确有不少相似之处。也正是因此，狡猾的商人有时会将收集到的沙脂蛹制成粉末，用以冒充那些从沙虫体脂中提炼出的高档香料。,N/A,N/A,Material
m42,赤念果,1星,须弥区域特产,野外采集须弥沙漠采集,N/A,N/A,N/A,Material
m43,「笃行」的指引,3星,角色天赋素材,活动获得合成获得秘境获得昏识塔精通秘境:律藏Ⅰ/Ⅱ/Ⅲ/Ⅳ（昏识塔限时开启）时间：周三/周六/周日,「笃行」是智慧之国的根系。笃行印证直率的言说。所思所行皆是为善，仍不可称之为智慧。智慧孕育于行动之中，为正直的言语纂下封印。,N/A,N/A,Material
m44,「诤言」的指引,3星,角色天赋素材,活动获得合成获得秘境获得昏识塔精通秘境:圆镜Ⅰ/Ⅱ/Ⅲ/Ⅳ（昏识塔限时开启）时间：周一/周四/周日,「诤言」是智慧之国的枝干。诤言相伴巧妙的思虑。多思多虑方能出言谦逊明晰，令智者折服，使愚者醒悟，让智慧如川流一般畅通不息。,N/A,N/A,Material
m45,「巧思」的指引,3星,角色天赋素材,活动获得合成获得秘境获得昏识塔精通秘境:妙语Ⅰ/Ⅱ/Ⅲ/Ⅳ（昏识塔限时开启）时间：周二/周五/周日,「巧思」是智慧之国的叶脉。巧思引导正直的言语。巧妙而周密的向善思索，令出口之言不偏离福祉之正道；怠慢与歹意则令言行卑劣不堪。,N/A,N/A,Material
m46,圣金虫,1星,须弥区域特产,野外采集须弥沙漠遗迹采集,"栖息在浩瀚沙海之中的顽强甲虫。甲壳上的金色纹路似乎暗示着它们与遍布沙漠的古老遗迹间存在某种渊源。
传说在黄沙之王统治大地的年代里，在千柱之城的凯旋式上，善使魔法的司祭会将那些战败者的灵魂封印在这些昆虫之内，以「阿赫玛尔」之名命它们永远守护圣者的神庙与宫殿。后来，神庙崩塌，宫殿倾覆，唯有这些金色的虫类依旧延续着已被遗忘的旧日誓约。",N/A,N/A,Material
m47,「天光」的指引,3星,角色天赋素材,合成获得活动获得秘境获得菫色之庭精通秘境:真葛废都II/III/IV（菫色之庭限时开启）时间：周三/周六/周日,"雷之国土的愿望是天光。
即使晖光被重重雷云所掩盖，鸣神的国土之上，依旧有志士如云雀般突破雷光与天之怒海，追寻天光之迹，哪怕迎来冷酷的殛灭。",N/A,N/A,Material
m48,「浮世」的指引,3星,角色天赋素材,合成获得活动获得秘境获得菫色之庭精通秘境:菫染之国Ⅱ/Ⅲ/Ⅳ（菫色之庭限时开启）时间：周一/周四/周日,雷之国土的梦想是浮世。浮世之难求乃是人之美的价值所在。人之在世岂不与雷影相似?意欲追逐掇取则遥踞云端，灯火阑珊的静谧之时却不期而来。,N/A,N/A,Material
m49,帕蒂沙兰,1星,须弥区域特产,野外采集须弥城附近采集须弥城大巴扎香料商人朱特处购买,"圣洁而高贵的花卉，对生长环境的要求十分苛刻。花蕊经过加工后可以制成珍贵的香料。
帕蒂沙兰的名字据说来源于某位古代的神祇。传说中，亘古之时，曾有三位神明交好，而在那时曾有鲜丽之花遍布大地，而人们会将采集来的花蕊制成祭香奉献给神。
如今当时的花已经绝迹。而帕蒂沙兰乃是某人依赖丰沃之惠重新培育的品种。","兽米香香
唐杜尔烤鸡
米圆塔
决斗之魂
帕蒂沙兰布丁
婆娑一舞
镀金锅
炽金之锅",N/A,Material
m50,「风雅」的指引,3星,角色天赋素材,合成获得活动获得秘境获得菫色之庭精通秘境:初雷幽谷Ⅱ/Ⅲ/Ⅳ（菫色之庭限时开启）时间：周二/周五/周日,雷之国土的姿容是风雅。风雅是不倨傲。风雅之人永远是谦虚的。只有消除虚荣与怠慢，才能明亮双眼，从哪怕最不堪入目的表象之下寻求美与雅致的真境。,N/A,N/A,Material
m51,月莲,1星,须弥区域特产,野外采集须弥水域采集,N/A,N/A,N/A,Material
m52,劫波莲,1星,须弥区域特产,野外采集须弥山崖采集桓那兰那（梦境）NPC兰玛尼处购买,N/A,N/A,N/A,Material
m53,树王圣体菇,1星,须弥区域特产,N/A,如云海般层层叠叠生长的菌类，大多寄生于雨林深处的乔木之上，因此被须弥人视为树王遗德熏结而出的圣体。在须弥，森林中的居民有着向教令院贡奉树王圣体菇的传统，但这些贡品的用途却不为世人所知。据某些逸话中说，教令院每年会在净善宫进行秘密的仪式。在仪式上，贤者们会通过食用树王圣体菇的方式来纪念树王的牺牲。,"唐杜尔烤鸡
土豆船
杂菇荟萃
巡林官精选",N/A,Material
m54,幽灯蕈,1星,稻妻区域特产,野外采集稻妻鹤观采集(采集帮助：点击跳转视频),如同夜灯般微微发光的蘑菇，其中蕴含着不可思议的力量。在鹤观的雾海中，幽灯蕈能如夜灯一般指引人前行。,N/A,N/A,Material
m55,珊瑚真珠,1星,稻妻区域特产,野外采集海祇岛采集离岛山城健太处购买（每三天5个）（需完成天下人之章第二幕）奥摩斯港舶来品商店购买（每三天5个）（需完成天下人之章第二幕）,"与海衹的珊瑚相伴而生的宝珠，散发着月光般的丝丝凉意。
「物产志」：这种珍珠只与海祇的珊瑚相伴而生，在手中会散发出月光般的微微凉意。有本地故事传说道，在流淌着海祇之血的人的手中，这种珍珠会变得更为明亮，因为珍珠是大御神为了海祇人流的血；也有传说说，大御神用皓月般的珍珠照亮了渊下宫，将人们引领到了地表之上。也因此，海祇真珠对于一些人而言，有着圣物般的意义。海祇珊瑚宫的纹样「真珠海波」的由来，传说就是怀抱海祇的波浪，与照亮海祇的耀眼明珠。",N/A,N/A,Material
m56,天云草实,1星,稻妻区域特产,野外采集清籁岛采集,"生长在清籁岛的天云草结成的果实，贴在耳畔能听见微弱的电流声。
天云草是在数千年前撕裂清籁岛、让雷的阴霾从此永远笼罩这片土地的厮杀结束后，诞生的。如同不屈于雷暴，天云草会向传来雷声的天空结出果实。
这种精神也将在未来的许多年中，陪伴着移居清籁岛的人们，直到越石村最终荒废、浅濑神社也不再有神人驻守。",N/A,N/A,Material
m57,「繁荣」的指引,3星,角色天赋素材,合成获得活动获得秘境获得太山府精通秘境:炽炎祭场Ⅱ/Ⅲ/Ⅳ（太山府限时开启）时间：周一/周四/周日,岩之国土的追求是繁荣。繁荣是璃月对它的子女的许诺:以繁荣回报勤劳者，以黄金照亮这片土地。,N/A,N/A,Material
m58,「诗文」的指引,3星,角色天赋素材,合成获得活动获得秘境获得忘却之峡精通秘境:沉睡之国Ⅱ/Ⅲ/Ⅳ（忘却之峡限时开启）时间：周三/周六/周日,风之国土的灵魂是诗文。诗文是激励的心意。在黯淡的日子里，穿过巷道的风中低语着愤怒的诗文，如同战鼓，如同风暴前的低鸣。,N/A,N/A,Material
m59,「抗争」的指引,3星,角色天赋素材,合成获得活动获得秘境获得忘却之峡精通秘境:冰封废渊Ⅱ/Ⅲ/Ⅳ（忘却之峡限时开启）时间：周二/周五/周日,风之国土的脊梁是抗争。蒙德的历史即是抗争的历史。抗争是为了蒙德现在的人们能够拥有自由，正如风之神吹散冰雪，正如温妮莎奋起抗争。,N/A,N/A,Material
m60,「黄金」的指引,3星,角色天赋素材,合成获得活动获得秘境获得太山府精通秘境:焚尽之环Ⅱ/Ⅲ/Ⅳ（太山府限时开启）时间：周三/周六/周日,岩之国土的象征是黄金。黄金意味着转换，这是璃月的岩山、大地、港城与人们的默契。在璃月，勤劳被转换为黄金，而黄金被转换为繁荣。,N/A,N/A,Material
m61,血斛,1星,稻妻区域特产,野外采集推荐：名椎滩采集,"在诗文中也被称为「赤蕊」的鲜艳植物，一度在稻妻列岛绝迹，如今在战场上再度重现。传说在血腥的战场上，它们开得格外妖艳。
虽然格外稀少昂贵，但由于在稻妻人心中颇为不祥，销路也不大。传言说这种植物以鲜血浇灌而成，愈是血腥惨烈的战场，血斛便开得愈发盛大艳丽。稻妻人认为，战殁的灵魂将踏着血斛之花铺成的曲折道路前往彼世，归于永恒的元素循环；但对「永恒」抱持怀疑而迷惘的魂灵，将会被大地束缚，成为朱色苗圃中的另一朵妖红之花。",N/A,N/A,Material
m62,「自由」的指引,3星,角色天赋素材,合成获得活动获得忘却之峡精通秘境:霜凝祭坛Ⅱ/Ⅲ/Ⅳ(忘却之峡限时开启)时间：周一/周四/周日,风之国土的精神是自由。自由其二，是漫游的自由，即是能在苍翠的土地上自由地通行，而不受阻挠的自由。,N/A,N/A,Material
m63,晶化骨髓,1星,稻妻区域特产,野外采集八酝岛采集踏鞴砂采集(采集帮助：采集视频),蕴含着「祟神」力量的晶体。冶炼时加入这种物质的话，能极大地提高钢铁制品的强度与韧性。在稻妻，所谓的「祟神」即是神骸本身，也是神骸带来的怪象。传说中，产生晶化骨髓的那位魔神还没有成为祟神时，拥有许多名字，其中之一为远吕羽氏尊。远吕羽氏尊的身躯有如海对面陆地的海岸线一般长，声音如同只有暗之外海才能容纳的巨鲸一般悠扬。但在最后，却被连同八酝岛一齐斩断。,N/A,N/A,Material
m64,鬼兜虫,1星,稻妻区域特产,野外采集推荐：鸣神岛采集推荐：踏鞴砂采集（采集帮助：采集路线图）,"栖息在雷元素富集区域的奇异甲虫。与甲壳上宛如怒目而视的恶鬼之相相反，鬼兜虫其实非常温顺迟钝。
在稻妻的民间故事中，说神明在为地上的种种动物分配领地时，厌恶纷争的鬼兜虫最先选择了雷元素富集的土地。在漫长的岁月中，进化出诡谲的图形以恫吓来犯者，进化出能放电的角来摒退掠食者。虽然穿着铠甲、顶着尖角，却是有灵万物中最不爱争斗的。",N/A,N/A,Material
m65,「勤劳」的指引,3星,角色天赋素材,合成获得活动获得秘境获得太山府精通秘境:深炎之底Ⅱ/Ⅲ/Ⅳ（太山府限时开启）时间：周二/周五/周日,"岩之国土的根基是勤劳。
勤劳是是流传在璃月人血脉中的催化剂，能将岩石化为黄金，是伟大商港之所以为伟大商港的原因。",N/A,N/A,Material
m66,绯樱绣球,1星,稻妻区域特产,野外采集鸣神岛采集(采集帮助：采集视频),"从鸣神大社的神樱上飘落的花瓣，怀着稻妻大地的眷顾。
「物产志」：从鸣神大社的神樱上飘落的花瓣，会在雷元素的力量下轻轻悬浮在空中。
相传雷樱的根在大地深处隐秘相连，而追溯错综复杂的根系的话，最终都会抵达守望稻妻全地的神樱树下；又有传说认为神樱与雷樱皆是御建鸣神主尊的一部分。她将神体分割，通过这种方式来守护治下的众生。","绯樱饼
三彩团子
「红炉一点雪」
绯樱天妇罗
夏祭游鱼
绯樱虾仙贝
「静寂闲雅」",N/A,Material
m67,鸣草,1星,稻妻区域特产,野外采集推荐：踏鞴砂采集（采集帮助：采集视频）稻妻杂货店购买（每三天5个）奥摩斯港舶来品商店购买（每三天5个）（需完成天下人之章第二幕）,N/A,N/A,N/A,Material
m68,海灵芝,1星,稻妻区域特产,野外采集稻妻海域采集离岛渔夫小畑可以购买5个，每三天刷新一次尘歌壶种植（帮助：采集视频）,N/A,N/A,N/A,Material
m69,石珀,1星,璃月区域特产,野外采集璃月山壁下采集推荐：琥牢山采集(采集帮助：采集视频)璃月港商人长顺处可以购买（1500摩拉一个，共计5个，三天一刷）奥摩斯港商人秋蔚处购买（1000摩拉一个，共计5个，三天一刷）,极纯的岩元素凝成的珍稀晶石，常与其他矿物伴生。也被称为「岩之心」。,N/A,N/A,Material
m70,「秩序」的哲学,4星,角色天赋素材,秘境获得合成获得苍白的遗荣精通秘境:琅诵Ⅳ(苍白的遗荣限时开启)时间：周三/周六/周日,N/A,N/A,N/A,Material
m71,琉璃百合,1星,璃月区域特产,野外采集轻策庄磨坊主小白处购买（50000摩拉每个，每月刷新一次，限购三个）推荐：璃月港玉京台采集推荐：轻策庄采集(采集帮助：采集视频，采集专栏),N/A,N/A,N/A,Material
m72,「正义」的哲学,4星,角色天赋素材,秘境获得合成获得苍白的遗荣精通秘境:箴铭Ⅳ(苍白的遗荣限时开启)时间：周二/周五/周日,水之国土的利剑是正义。枫丹的律法秉正义之剑而行。正义意味着裁决与调和，以裁决的剑锋遏止恶行，以调和的手段维护秩序。,N/A,N/A,Material
m73,风车菊,1星,蒙德区域特产,野外采集风起地七天神像附近采集野外树下采集蒙德城花语店主芙萝拉处购买（1000摩拉每个，三天刷新一次，限购五个）推荐：风龙废墟采集蒙德城花语店主芙萝拉处购买（1000摩拉每个，三天刷新一次，限购五个）(采集帮助：采集视频，风龙废墟-采集专栏),喜好风的植物。对于崇信风、本身也如风一般爽朗自在的蒙德人而言，风车菊便是「看得见的风」,N/A,N/A,Material
m74,霓裳花,1星,璃月区域特产,野外采集璃月港玉京台附近采集望舒客栈附近采集推荐：璃月港采集(采集帮助：采集视频)望舒客栈菲尔戈黛特处购买（1000摩拉每个，三天刷新一次，限购五个）轻策庄磨坊主小白处购买（1000摩拉每个，三天刷新一次，限购五个）奥摩斯港商人秋蔚处购买（1000摩拉每个，三天刷新一次，限购五个）,N/A,N/A,N/A,Material
m75,星螺,1星,璃月区域特产,野外采集璃月海滩采集璃月海滩“海螺屋”前和“阿卜”选择对话“什么传说”首次对话获得三个星螺璃月港万有铺子老板博来处购买（1000摩拉每个，三天刷新一次，限购五个）(采集帮助：采集视频),随着海潮来到沙滩上的螺。将耳朵凑近空壳，能听见海充满思念的呼唤。,N/A,N/A,Material
m76,「公平」的哲学,4星,角色天赋素材,秘境获得合成获得苍白的遗荣精通秘境:旋韵Ⅳ(苍白的遗荣限时开启)时间：周一/周四/周日,"水之国土的堤岸是公平。
公平是枫丹立国的基础。公平总是需要稳固的道德与律法加以支撑，道德与律法亦基于不变的公平准则而流变不息。",N/A,N/A,Material
m77,蒲公英籽,1星,蒙德区域特产,野外采集推荐：蒙德城门采集（使用风属性攻击击打蒲公英即可获得）(采集帮助：采集视频，采集专栏）离岛远航之风购买（60000摩拉每个，每三天限购5个）奥摩斯港舶来品商店购买（1000摩拉每个，每三天限购5个）,N/A,N/A,N/A,Material
m78,慕风蘑菇,1星,蒙德区域特产,野外采集房檐下采集(采集帮助：采集视频，蒙德城-采集专栏，清泉镇和晨曦酒庄-采集专栏)风起地克罗丽丝处购买（每三天5个）奥摩斯港巴巴克处购买（每三天5个）,沐浴着和煦的风而生长的菌类，与风一样生生不息，滋养生命。,N/A,N/A,Material
m79,小灯草,1星,蒙德区域特产,野外采集夜间野外寻找推荐：奔狼领采集推荐：低语森林采集蒙德城花语店主芙萝拉处购买（1000摩拉每个，三天刷新一次，限购五个）遁玉陵和灵矩关之间七天神像附近与紫微对话领取4个小灯草(采集帮助：采集视频),N/A,"「蒙德往事」
「堆高高」
黄油煎鱼
「林之梦」",N/A,Material
m80,塞西莉亚花,1星,蒙德区域特产,野外采集蒙德城花语店主芙萝拉处购买（1000摩拉每个，三天刷新一次，限购五个）推荐：摘星崖采集（采集帮助：采集视频）,名字与外形同等美丽的花朵，只生长在清冷而风急的高处，如同浪子一样真心难以触碰。,N/A,N/A,Material
m81,落落莓,1星,蒙德区域特产,野外采集推荐：望风山地采集(采集帮助：采集视频，采集专栏)风起地克罗丽丝处购买（每三天5个）枫丹蔬果贩购买（每三天5个）,饱满透亮的莓果，在口中绽放出清甜的花香。在过去，守望风暴的人仅有的慰藉便是落落莓的甜蜜与城市安宁的希望。,N/A,N/A,Material
m82,嘟嘟莲,1星,蒙德区域特产,野外采集湖泊水边采集蒙德城花语店主芙萝拉处购买（1000摩拉每个，三天刷新一次，限购五个）推荐:清泉镇采集(采集帮助：采集视频),生长在水边的花。花瓣经过烹制口感爽脆，清甜微苦。现代医学认为嘟嘟莲具有一定的解毒功效，但生吃的涩味让很多人难以接受。,"嘟嘟莲海鲜羹
极致一钓
紫苑云霓",N/A,Material
m83,「巧思」的哲学,4星,角色天赋素材,活动获得合成获得秘境获得昏识塔精通秘境:妙语Ⅰ/Ⅱ/Ⅲ/Ⅳ（昏识塔限时开启）时间：周二/周五/周日,「巧思」是智慧之国的叶脉。巧思成于谐和的品行。行为赋予思想完美形态，思、言、行的彼此印证，是令智慧之树绽放出花朵的忠实基干。,N/A,N/A,Material
m84,「诤言」的哲学,4星,角色天赋素材,活动获得合成获得秘境获得昏识塔精通秘境:圆镜Ⅰ/Ⅱ/Ⅲ/Ⅳ（昏识塔限时开启）时间：周一/周四/周日,「诤言」是智慧之国的枝干。诤言终于至善的操行。行为赋予言语真实含义，言、思、行的协同一致，是令智慧之树结出善果的丰厚养分。,N/A,N/A,Material
m85,「笃行」的哲学,4星,角色天赋素材,活动获得合成获得秘境获得昏识塔精通秘境:律藏Ⅰ/Ⅱ/Ⅲ/Ⅳ（昏识塔限时开启）时间：周三/周六/周日,「笃行」是智慧之国的根系。笃行促生智慧的果实。行为实证行为本身的意义，行、言、思的联结一体，是令贤智之人得见完美的唯一通途。,N/A,N/A,Material
m86,绝云椒椒,1星,璃月区域特产,野外采集推荐：轻策庄采摘(采集帮助：采集视频，轻策庄-采集专栏，华光林-采集专栏，绝云间和南天门-采集专栏)璃月港万民堂购买（每三天5个）璃月遗珑埠百货店主丰泰购买（每三天5个）,璃月地方特产的辛辣植物。只要闻到它的味道，身体就会变得炽热，渴求水分。虽然名字中有「绝云」二字，但其实并不仅仅生长在绝云间。名字似乎来自能将人辣得直奔绝云巅峰，渴求清凉空气的辣度。,"翡玉什锦袋
辣肉窝窝头
水煮黑背鲈
轻策农家菜
万民堂水煮鱼
绝云锅巴
兽肉薄荷卷
轻策家常菜
知足常乐
香嫩椒椒鸡
摇·滚·鸡！
凉拌薄荷
爆炒肉片
炝炒肉片",N/A,Material
m87,神合秘烟的思绪,2星,武器突破素材,秘境获得参量转化纪念品商店兑换深古瞭望所炼武秘境:测度 Ⅰ/Ⅱ/Ⅲ/Ⅳ（深古瞭望所限时开启）时间：周三/周六/周日,赋予武器突破之力的材料。古时的萨满、祭司或称秘术师的那些，在「大灵」自孤冷英雄与夜魂的呼应之中逐渐形成以来，持续不断地寻找与寂静地下国度沟通的方法。入迷、出魂与降神曾是三种主要的途径，而每种途径都将借助打磨的祭具完成。,N/A,"岩峰巡歌
 碎链
 苍纹角杯
 硕果钩硕果钩",Material
m88,「天光」的哲学,4星,角色天赋素材,合成获得活动获得秘境获得菫色之庭精通秘境:真葛废都IV（菫色之庭限时开启）时间：周三/周六/周日,N/A,N/A,N/A,Material
m89,「浮世」的哲学,4星,角色天赋素材,合成获得活动获得秘境获得菫色之庭精通秘境:菫染之国Ⅳ（菫色之庭限时开启）时间：周一/周四/周日,雷之国土的梦想是浮世。浮世之短暂乃是人之美的本性所在。人之在世岂不与稻光相近?神威显现的刹那恍若隽永，而永恒的威鸣又有谁人能够承受？,N/A,N/A,Material
m90,「风雅」的哲学,4星,角色天赋素材,合成获得活动获得秘境获得菫色之庭精通秘境:初雷幽谷 Ⅳ（菫色之庭限时开启）时间：周二/周五/周日,N/A,N/A,N/A,Material
m91,夜泊石,1星,璃月区域特产,野外采集璃月山洞内采集推荐：明蕴镇采集(采集帮助：采集视频)璃月港商人石头处购买（每三天5个，1000摩拉/个）奥摩斯港商人秋蔚处购买（每三天5个，1000摩拉/个）,稀有的特质矿石，在静谧的暗夜里会幽幽地发光。据称是天地间奔流的元素在异变中凝聚成的珍奇宝石。,N/A,N/A,Material
m92,贡祭炽心的惶恐,2星,武器突破素材,秘境获得参量转化纪念品商店兑换深古瞭望所炼武秘境:冥见 Ⅰ/Ⅱ/Ⅲ/Ⅳ（深古瞭望所限时开启）时间：周一/周四/周日,赋予武器突破之力的材料。在部族古老的传统之中，有这样的观点：你所取的都是来自于这个世界，于是你所得的也将献于这个世界。,N/A,"冲浪时光
 撼地者
 息燧之笛
 弥坚骨",Material
m93,「焚燔」的教导,2星,角色天赋素材,活动获得秘境获得蕴火的幽墟精通秘境：空华Ⅰ/Ⅱ/Ⅲ/Ⅳ（蕴火的幽墟限时开启）时间：周二/周五/周日,"天赋培养素材。
火之国土的成规是焚燔。
有所取，即要有所予。想要得到，首先要付出相应的代价，正如应在焚燔中献上的祭品。",N/A,N/A,Material
m94,「角逐」的教导,2星,角色天赋素材,活动获得秘境获得蕴火的幽墟精通秘境：转竟Ⅰ/Ⅱ/Ⅲ/Ⅳ（蕴火的幽墟限时开启）时间：周一/周四/周日,"天赋培养素材。
火之国土的原则是角逐。
何为强大者，何为弱小者？唯有胜败彰示着一切，角逐的结果，比任何话语更有说服力。",N/A,N/A,Material
m95,「纷争」的教导,2星,角色天赋素材,活动获得秘境获得蕴火的幽墟精通秘境：旋复Ⅰ/Ⅱ/Ⅲ/Ⅳ（蕴火的幽墟限时开启）时间：周三/周六/周日,"天赋培养素材。
火之国土的事理是纷争。
不去避让矛盾，而是直面冲突，在纷争的结果彰显后，根据此结果决定将行的道路。",N/A,N/A,Material
m96,谵妄圣主的朽败,2星,武器突破素材,秘境获得参量转化纪念品商店兑换深古瞭望所炼武秘境:究观 Ⅰ/Ⅱ/Ⅲ/Ⅳ（深古瞭望所限时开启）时间：周二/周五/周日,赋予武器突破之力的材料。据说后来被称为禁城圣主的备受争议的谋主曾一度受到拘禁，而最初的人神，但当时并未具备神体的那位，向他展露了宽阔的胸怀。于是原本属于他的族群接纳了他，自他从一度伟大的种族巨大翅膀的阴影中走出之后。那以后，他将文有金纹的真容藏在面具之下，决定为那个掌握了他誓言的主人献出一切。,N/A,"山王长牙
 虹的行迹
 木棉之环
 镇山之钉",Material
m97,「秩序」的教导,2星,角色天赋素材,秘境获得苍白的遗荣精通秘境:琅诵Ⅰ/Ⅱ/Ⅲ/Ⅳ(苍白的遗荣限时开启)时间：周三/周六/周日,N/A,N/A,N/A,Material
m98,「正义」的教导,2星,角色天赋素材,秘境获得苍白的遗荣精通秘境:箴铭Ⅰ/Ⅱ/Ⅲ/Ⅳ(苍白的遗荣限时开启)时间：周二/周五/周日,N/A,N/A,N/A,Material
m99,「公平」的教导,2星,角色天赋素材,秘境获得苍白的遗荣精通秘境:旋韵Ⅰ/Ⅱ/Ⅲ/Ⅳ(苍白的遗荣限时开启)时间：周一/周四/周日,N/A,N/A,N/A,Material
m100,N/A,2星,武器突破素材,秘境获得参量转化纪念品商店兑换深潮的余响炼武秘境:奇械 Ⅰ/Ⅱ/Ⅲ/Ⅳ（深潮的余响限时开启）时间：周三/周六/周日,赋予武器突破之力的材料。传说在最初的僭主来到原始之海时，水国的先主曾赠予他一杯水。后来，他成为了不可质疑的神王，以这杯水提炼神奇的露珠，从而建立了辉煌强盛的帝国。那是久远的故事了，其主角如今正沉睡在深海鱼群的磷光之中。,N/A,"金流监督
 赤月之形
 柔灯挽歌
 峡湾长歌
 浪影阔剑
 公义的酬报
 便携动力锯
 「究极霸王超级魔剑」",Material
m101,悠古弦音的残章,2星,武器突破素材,秘境获得参量转化纪念品商店兑换深潮的余响炼武秘境:机思 Ⅰ/Ⅱ/Ⅲ/Ⅳ（深潮的余响限时开启）时间：周一/周四/周日,N/A,N/A,"最初的大魔术
 裁断
 赦罪
 灰河渡手
 静谧之曲
 勘探钻机
 测距规
 水仙十字之剑",Material
m102,纯圣露滴的滤渣,2星,武器突破素材,秘境获得参量转化纪念品商店兑换深潮的余响炼武秘境:匠理 Ⅰ/Ⅱ/Ⅲ/Ⅳ（深潮的余响限时开启）时间：周二/周五/周日,赋予武器突破之力的材料。传说在诸生命诞生之前，曾有一片浓稠的原始之海。它曾是万物纯净的起源，也终将吞没一切生命…而那些本不属于原始之海的物质则将被滤除，成为漂荡的浮渣。「浮渣亦有它们存在的意义——究竟何种物质会被吞噬一切生命的原始根源之海所排斥？」年轻的调律师曾追随伟大的僭主，思索着这个难题。,N/A,"万世流涌大典
 静水流涌之辉
 白雨心弦
 海渊终曲
 纯水流华
 船坞长剑",Material
m103,今昔剧画之恶尉,2星,武器突破素材,秘境获得参量转化纪念品商店兑换砂流之庭炼武秘境:流沙之葬 Ⅰ/Ⅱ/Ⅲ/Ⅳ（砂流之庭限时开启）时间：周三/周六/周日,赋予武器突破之力的材料。民话传说中，过去有名鬼人「虎千代」。武艺高强，曾有在刀剑一千柄当中狂舞，被割破的十二单如同堇花般零落，身体却未受一丝伤害的说法。后来却对将军大人露出獠牙，拔刀反叛，被斩下一臂一角后遁逃，最终郁愤发狂，自裁而殁。狂言称怀抱执妄之鬼往往内心惊悸而忧患。妄想永恒却恐惧须臾，总会为恐惧与怨怒吞没，是为自业自得。这种面具刻画的就是露出尖牙的虎千代。,N/A,"薙草之稻光
 冬极白星
 神乐之真意
 喜多院十文字
 「渔获」
 断浪长鳍
 笼钓瓶一心",Material
m104,烈日威权的残响,2星,武器突破素材,秘境获得参量转化纪念品商店兑换有顶塔炼武秘境:引业 Ⅰ/Ⅱ/Ⅲ/Ⅳ（有顶塔限时开启）时间：周三/周六/周日,N/A,N/A,"猎人之径
 图莱杜拉的回忆
 苇海信标
 竭泽
 王下近侍
 玛海菈的水色
 烈阳之嗣",Material
m105,绿洲花园的追忆,2星,武器突破素材,秘境获得参量转化纪念品商店兑换有顶塔炼武秘境:思惑 Ⅰ/Ⅱ/Ⅲ/Ⅳ（有顶塔限时开启）时间：周二/周五/周日,赋予武器突破之力的材料。人们曾说，花的王者是欢乐与幸福之主。清泉从她的袖口涌流而出，沙漠中便有了百花盛开的绿洲；鲜花与香草紧随着她的脚步，银白的月光为她开道。在高天转过脸去的艰苦时代里，花的女主人为凡人遍洒恩惠，人们开始重新认识到快乐与自我，于是再度拾起了闲暇与奢侈。,N/A,"赤沙之杖
 千夜浮梦
 贯月矢
 盈满之实
 流浪的晚星
 聊聊棒",Material
m106,谧林涓露的铜符,2星,武器突破素材,秘境获得参量转化纪念品商店兑换有顶塔炼武秘境:云垢 Ⅰ/Ⅱ/Ⅲ/Ⅳ（有顶塔限时开启）时间：周一/周四/周日,赋予武器突破之力的材料。在最初的贤者指导下，雨林的先民曾将枯木雕成神符，以供奉纪念绿草与高木的主人。神符仿照林间清露的形状雕成，象征着智慧的涓滴在凡人的心智中渗流。,N/A,"圣显之钥
 裁叶萃光
 原木刀
 森林王器
 西福斯的月光
 鹮穿之喙
 沙中伟贤的对答",Material
m107,飓风之种,4星,角色培养素材,N/A,N/A,N/A,N/A,Material
m108,「巧思」的教导,2星,角色天赋素材,活动获得秘境获得昏识塔精通秘境:妙语Ⅰ/Ⅱ/Ⅲ/Ⅳ（昏识塔限时开启）时间：周二/周五/周日,「巧思」是智慧之国的叶脉。巧思生自良善的意旨。所谓「毒树不结善果」，良善坚定的意念才能孕育巧妙周到的思谋，方不沾染智慧之名。,N/A,N/A,Material
m109,「黄金」的哲学,4星,角色天赋素材,合成获得活动获得秘境获得太山府精通秘境:焚尽之环 Ⅳ（太山府限时开启）时间：周三/周六/周日,岩之国土的象征是黄金。黄金是璃月的财富。但璃月真正的财富，是璃月的人们那如黄金般闪耀的心灵。,N/A,N/A,Material
m110,「诤言」的教导,2星,角色天赋素材,活动获得秘境获得昏识塔精通秘境:圆镜Ⅰ/Ⅱ/Ⅲ/Ⅳ（昏识塔限时开启）时间：周一/周四/周日,「诤言」是智慧之国的枝干。诤言出于纯净的心智。唯有清醒纯善的言语，方能表达深秘的智慧，令睿智之种突破傲慢的壅阻，生根繁茂。,N/A,N/A,Material
m111,「笃行」的教导,2星,角色天赋素材,活动获得秘境获得昏识塔精通秘境:律藏Ⅰ/Ⅱ/Ⅲ/Ⅳ（昏识塔限时开启）时间：周三/周六/周日,N/A,N/A,N/A,Material
m112,「勤劳」的哲学,4星,角色天赋素材,合成获得活动获得秘境获得太山府精通秘境:深炎之底Ⅰ/Ⅱ/Ⅲ/Ⅳ（太山府限时开启）时间：周二/周五/周日,"岩之国土的根基是勤劳。
勤劳即为相信自己，即为相信通过汗水、智慧与力量，在诸神的土地上，人人都可以拥有自己的一席之地。",N/A,N/A,Material
m113,「繁荣」的哲学,4星,角色天赋素材,合成获得活动获得秘境获得太山府精通秘境:炽炎祭场Ⅳ（太山府限时开启）时间：周一/周四/周日,N/A,N/A,N/A,Material
m114,「诗文」的哲学,4星,角色天赋素材,合成获得活动获得秘境获得忘却之峡精通秘境:沉睡之国Ⅳ（忘却之峡限时开启）时间：周三/周六/周日,风之国土的灵魂是诗文。诗文是传颂的心意。即使一切都将逝去，即使一切都将不再，随风而行的诗歌，仍会将此世间一切美好传遍天空、大地与海洋的一切角落。,N/A,N/A,Material
m115,「抗争」的哲学,4星,角色天赋素材,合成获得活动获得秘境获得忘却之峡精通秘境:冰封废渊Ⅳ（忘却之峡限时开启）时间：周二/周五/周日,风之国土的脊梁是抗争。蒙德的历史即是抗争的历史。抗争是为了蒙德未来的诗文，也能自由地随着眷顾的风，传到远方。,N/A,N/A,Material
m116,「自由」的哲学,4星,角色天赋素材,合成获得活动获得秘境获得忘却之峡精通秘境:霜凝祭坛Ⅳ(忘却之峡限时开启)时间：周一/周四/周日,风之国土的精神是自由。自由其三，是歌唱的自由，即是能在风之神塑造的美好土地上歌唱，让自己的心与歌一同随风而去的自由。,N/A,N/A,Material
m117,鸣神御灵的明惠,2星,武器突破素材,秘境获得参量转化纪念品商店兑换砂流之庭炼武秘境:砂之祭场 Ⅰ/Ⅱ/Ⅲ/Ⅳ（砂流之庭限时开启）时间：周二/周五/周日,赋予武器突破之力的材料。在过去，先民会攀登如今被称为影向山的高峰，将雷电灼烧过的树木雕琢成曲勾形，为照亮高天的闪电、震撼大地的鸣雷赋予造型。这个形象在漫长岁月的积累中，最终演化成了「雷之三重巴」的纹样，象征着雷的眷顾、智慧与威能，以及代行此等眷顾、智慧与威能的人们。,N/A,"飞雷之弦振
 赤角石溃杵
 波乱月白经津
 破魔之弓
 桂木斩长正
 掠食者
 曚云之月
 东花坊时雨",Material
m118,远海夷地的瑚枝,2星,武器突破素材,秘境获得参量转化纪念品商店兑换砂流之庭炼武秘境:沉砂之渊 Ⅰ/Ⅱ/Ⅲ/Ⅳ（砂流之庭限时开启）时间：周一/周四/周日,赋予武器突破之力的材料。稻妻列岛中距离鸣神岛最遥远的「海衹」，在海衹岛的古语中的意思是「统管诸海的大神」。传说大蛇在常夜的渊下国土中初次现身时，身上覆满了四色的珊瑚枝，散发着煌煌的荧光。,N/A,"雾切之回光
 不灭月华
 有乐御簾切
 天目影打刀
 白辰之环
 恶王丸
 证誓之明瞳",Material
m119,「天光」的教导,2星,角色天赋素材,活动获得秘境获得菫色之庭精通秘境:真葛废都I/II/III/IV（菫色之庭限时开启）时间：周三/周六/周日,N/A,N/A,N/A,Material
m120,「浮世」的教导,2星,角色天赋素材,活动获得秘境获得菫色之庭在稻妻开启宝箱时概率获得精通秘境:菫染之国Ⅰ/Ⅱ/Ⅲ/Ⅳ（菫色之庭限时开启）时间：周一/周四/周日,雷之国土的梦想是浮世。浮世之荣华乃是人之美的最高体现。人之在世岂不与疾电相类？如美梦或花火般浮华一瞬，在永恒的夜幕中留下绚烂的印记。,N/A,N/A,Material
m121,「风雅」的教导,2星,角色天赋素材,活动获得秘境获得菫色之庭精通秘境:初雷幽谷Ⅰ/Ⅱ/Ⅲ/Ⅳ（菫色之庭限时开启）时间：周二/周五/周日,雷之国土的姿容是风雅。风雅是不谄媚。风雅之人永远是高贵的。正似只愿高飞与雷暴争鸣的海鹰;迎合鄙俗则恰如将花冠倒插泥淖，仅让尊严染上了污渍。,N/A,N/A,Material
m122,雾海云间的铅丹,2星,武器突破素材,秘境获得参量转化纪念品商店兑换震雷连山密宫炼武秘境:鸣雷城墟Ⅰ/Ⅱ/Ⅲ/Ⅳ（震雷连山密宫限时开启）时间：周二/周五/周日,赋予武器突破之力的材料。绝云间乃是仙家府地。而相传仙家除了三眼五显神通，可以操纵尘世的元素之力外，另有三项不传秘:丹鼎、符篆与外景。,N/A,N/A,Material
m123,孤云寒林的光砂,2星,武器突破素材,秘境获得参量转化纪念品商店兑换震雷连山密宫炼武秘境:雷云祭坛Ⅰ/Ⅱ/Ⅲ/Ⅳ（震雷连山密宫限时开启）时间：周一/周四/周日,赋予武器突破之力的材料。孤云阁耸立的岩柱，曾经都是摩拉克斯为了镇伏敌手降下的岩枪。久而久之，魔神之体渗入了岩柱，使之拥有了圣性。岩柱偶尔会剥落一些散发着怨恨和不样的碎屑。,N/A,"和璞鸢
 斫峰之刃
 若水
 碧落之珑
 黑岩绯玉
 白影剑
 黑岩长剑
 流月针
 弓藏
 匣里日月
 黑岩战弓
 千岩古剑
 遗祀玉珑
 匣里龙吟
 暗铁剑
 白缨枪
 翡玉法球
 弹弓",Material
m124,漆黑陨铁的一粒,2星,武器突破素材,秘境获得参量转化纪念品商店兑换震雷连山密宫炼武秘境:古雷试炼场Ⅰ/Ⅱ/Ⅲ/Ⅳ（震雷连山密宫限时开启）时间：周三/周六/周日,赋予武器突破之力的材料。曾经在璃月云来海之外落下过一个漆黑陨铁，据说也是为了降伏靡兽妖物。但是因为沾染了强大的污秽之血，这块材料的特性已经不再是纯粹的岩王帝君之力了。,N/A,"尘世之锁
 贯虹之槊
 护摩之杖
 万国诸海图谱
 试作古华
 铁蜂刺
 试作星镰
 钢轮弓
 螭骨剑
 千岩长枪
 衔珠海皇
 落霞
 筑云
 飞天御剑
 飞天大御剑
 黑缨枪",Material
m125,高塔孤王的破瓦,2星,武器突破素材,秘境获得参量转化纪念品商店兑换塞西莉亚苗圃炼武秘境:水光之城Ⅰ/Ⅱ/Ⅲ/Ⅳ（塞西莉亚苗圃限时开启）时间：周一/周四/周日,赋予武器突破之力的材料。最近被称为风龙废墟的地方，曾经是烈风的魔神「迭卡拉庇安」建造的王都。因这繁华之梦全是魔神之力所造，因此梦碎瞬间的破瓦断片也有强大的力量。,N/A,N/A,Material
m126,狮牙斗士的枷锁,2星,武器突破素材,秘境获得参量转化纪念品商店兑换塞西莉亚苗圃炼武秘境:渴水的废都Ⅰ/Ⅱ/Ⅲ/Ⅳ（塞西莉亚苗圃限时开启）时间：周三/周六/周日,赋予武器突破之力的材料。人们总是会对英雄的故事过分夸大啦。甚至是曾经束缚英雄的枷锁，都被升华到了自由之敌的高度。因此这些锁链也拥有了非凡的力量。,N/A,"四风原典
 狼的末路
 阿莫斯之弓
 天空之脊
 苍古自由之誓
 祭礼残章
 宗室大剑
 西风猎弓
 宗室长弓
 祭礼剑
 西风大剑
 西风长枪
 腐殖之剑
 忍冬之果
 风花之颂
 暗巷猎手
 饰铁之花
 旅行剑
 白铁大剑
 异世界行记
 反曲弓
 铁尖枪
 新手长枪",Material
m127,凛风奔狼的始龀,2星,武器突破素材,秘境获得参量转化纪念品商店兑换塞西莉亚苗圃炼武秘境:深没之谷Ⅰ/Ⅱ/Ⅲ/Ⅳ（塞西莉亚苗圃限时开启）时间：周二/周五/周日,赋予武器突破之力的材料。群狼是受它祝福的近卫军，就算是小狼的乳牙也有相当的潜力。曾经的众神皆背负爱人的责任。因此引导群狼，却只收养弃婴、接纳流浪者的「安德留斯」十分异类。,N/A,N/A,Material
m128,龙王之冕,5星,天赋培养素材,周常BOSS掉落70级以上若陀龙王挑战奖励,千年刚玉凝成的结晶之角，乃是「龙王」的天生冠冕。注之以精魄，塑之以顽岩。它自山涧而生，在群岩的国土彰示天地的威权，而黄金般的长角则是它在过去与某位君王分庭抗礼的标志。曾一度裂折失色，如今却在你的手中闪烁着冰冷的黄金光泽。,N/A,N/A,Material
m129,「黄金」的教导,2星,角色天赋素材,活动获得秘境获得太山府精通秘境:焚尽之环Ⅰ/Ⅱ/Ⅲ/Ⅳ（太山府限时开启）时间：周三/周六/周日在璃月开启宝箱时概率获得,岩之国土的象征是黄金。黄金是流淌在璃月土地深处的血液，是鼓动璃月的心脏有力搏动的肌肉，是让璃月傲然挺立的筋骨。,N/A,N/A,Material
m130,「勤劳」的教导,2星,角色天赋素材,活动获得秘境获得太山府精通秘境:深炎之底Ⅰ/Ⅱ/Ⅲ/Ⅳ（太山府限时开启）时间：周二/周五/周日,"岩之国土的根基是勤劳。
勤劳即为通过人的努力，克服高山与大海，追求繁荣与黄金的勇气与力量。",N/A,N/A,Material
m131,「繁荣」的教导,2星,角色天赋素材,活动获得秘境获得太山府精通秘境:炽炎祭场Ⅰ/Ⅱ/Ⅲ/Ⅳ（太山府限时开启）时间：周一/周四/周日,岩之国土的追求是繁荣。繁荣是璃月的恩惠，是璃月的神与人共同建立的伟大城市，是璃月的大地安全和平的源泉。,N/A,N/A,Material
m132,「诗文」的教导,2星,角色天赋素材,活动获得秘境获得忘却之峡精通秘境:沉睡之国Ⅰ/Ⅱ/Ⅲ/Ⅳ（忘却之峡限时开启）时间：周三/周六/周日,风之国土的灵魂是诗文。诗文是美好的心意。在美好的日子里，吹拂原野的风中飘扬着田园诗、情诗，如和风拨动草叶般拨动人们的心。,N/A,N/A,Material
m133,「抗争」的教导,2星,角色天赋素材,活动获得秘境获得忘却之峡精通秘境:冰封废渊Ⅰ/Ⅱ/Ⅲ/Ⅳ（忘却之峡限时开启）时间：周二/周五/周日,风之国土的脊梁是抗争。蒙德的历史即是抗争的历史。抗争是为了蒙德过去的一切抗争不被遗忘，如同草木突破土壤，如同恒风洞穿石墙。,N/A,N/A,Material
m134,「自由」的教导,2星,角色天赋素材,活动获得秘境获得忘却之峡精通秘境:霜凝祭坛Ⅰ/Ⅱ/Ⅲ/Ⅳ(忘却之峡限时开启)时间：周一/周四/周日,风之国土的精神是自由。自由其一，是生存的自由，即是能健全、健康地生活，而不必担心朝不保夕的自由。,N/A,N/A,Material
m135,神合秘烟的预感,3星,武器突破素材,秘境获得合成获得活动获得参量转化深古瞭望所炼武秘境:测度 Ⅱ/Ⅲ/Ⅳ（深古瞭望所限时开启）时间：周三/周六/周日,赋予武器突破之力的材料。尚古的通灵者认为，没有形象而只有意识的「大灵」是去除了外在，更接近精神本质的存在。将粗糙的石料打磨，直至去除所有纹理，成为反射光亮的镜子的过程，也是一种除去世界原有表征的仪式。或许光滑的镜面亦是通灵者自身精神的投射也说不定。,N/A,"岩峰巡歌
 碎链
 苍纹角杯
 硕果钩硕果钩",Material
m136,贡祭炽心的踌躇,3星,武器突破素材,秘境获得合成获得活动获得参量转化深古瞭望所炼武秘境:冥见 Ⅱ/Ⅲ/Ⅳ（深古瞭望所限时开启）时间：周一/周四/周日,赋予武器突破之力的材料。在原有的文明如破碎的玉石般失落，自天上来，引导地上文明的使者被醒来的巨龙吞噬殆尽之后，步入荒蛮的人失去了重新认识世界的能力。于是他们将一切所得都归于最为原始的信仰，认为承载一切的大地自有其神秘，于是，所获的猎物被作为祭品上贡的时代开始了。,N/A,"冲浪时光
 撼地者
 息燧之笛
 弥坚骨",Material
m137,「焚燔」的指引,3星,角色天赋素材,合成获得活动获得秘境获得蕴火的幽墟精通秘境：空华Ⅰ/Ⅱ/Ⅲ/Ⅳ（蕴火的幽墟限时开启）时间：周二/周五/周日,N/A,N/A,N/A,Material
m138,「角逐」的指引,3星,角色天赋素材,合成获得活动获得秘境获得蕴火的幽墟精通秘境：转竟Ⅰ/Ⅱ/Ⅲ/Ⅳ（蕴火的幽墟限时开启）时间：周一/周四/周日,N/A,N/A,N/A,Material
m139,「纷争」的指引,3星,角色天赋素材,合成获得活动获得秘境获得蕴火的幽墟精通秘境：旋复Ⅰ/Ⅱ/Ⅲ/Ⅳ（蕴火的幽墟限时开启）时间：周三/周六/周日,"天赋培养素材。
火之国土的事理是纷争。
纷争永远能够被更高层面的力量介入并解决，而非不可收拾，这让一切都得以进入可控的境地。纷争亦是一种局限，禁止不计成本地推诿下去，而是要求参与方更干净利落地得出结果。",N/A,N/A,Material
m140,谵妄圣主的余哀,3星,武器突破素材,秘境获得合成获得活动获得参量转化深古瞭望所炼武秘境:究观 Ⅱ/Ⅲ/Ⅳ（深古瞭望所限时开启）时间：周二/周五/周日,赋予武器突破之力的材料。在与巨龙进行战争之时，众部族的谋主，那位以面具掩藏起面目者，为部族的战士们解读非人遗迹上金色纹路的信息，那是在现今早已失落的技巧。这语言与思想由自己的敌人所授予，或许对谋主来说，站在相对的立场驱使它们是相当快意的复仇之事吧。只是他那份毫不掩饰的恨意，偶尔也会换来同行英杰们的深深担忧。,N/A,"山王长牙
 虹的行迹
 木棉之环
 镇山之钉",Material
m141,「秩序」的指引,3星,角色天赋素材,秘境获得合成获得苍白的遗荣精通秘境:琅诵Ⅱ/Ⅲ/Ⅳ(苍白的遗荣限时开启)时间：周三/周六/周日,N/A,N/A,N/A,Material
m142,「正义」的指引,3星,角色天赋素材,秘境获得合成获得苍白的遗荣精通秘境:箴铭Ⅱ/Ⅲ/Ⅳ(苍白的遗荣限时开启)时间：周二/周五/周日,N/A,N/A,N/A,Material
m143,「公平」的指引,3星,角色天赋素材,秘境获得合成获得苍白的遗荣精通秘境:旋韵Ⅱ/Ⅲ/Ⅳ(苍白的遗荣限时开启)时间：周一/周四/周日,"水之国土的堤岸是公平。
公平是枫丹立国的基础。公平形成了律法的准绳。假若律法失去公平的本质，必沦为敛利的棋盘。",N/A,N/A,Material
m144,N/A,3星,武器突破素材,秘境获得合成获得活动获得参量转化深潮的余响炼武秘境:奇械 Ⅱ/Ⅲ/Ⅳ（深潮的余响限时开启）时间：周三/周六/周日,N/A,N/A,"金流监督
 赤月之形
 柔灯挽歌
 峡湾长歌
 浪影阔剑
 公义的酬报
 便携动力锯
 「究极霸王超级魔剑」",Material
m145,纯圣露滴的凝华,3星,武器突破素材,秘境获得合成获得活动获得参量转化深潮的余响炼武秘境:匠理 Ⅱ/Ⅲ/Ⅳ（深潮的余响限时开启）时间：周二/周五/周日,N/A,N/A,"万世流涌大典
 静水流涌之辉
 白雨心弦
 海渊终曲
 纯水流华
 船坞长剑",Material
m146,悠古弦音的断章,3星,武器突破素材,秘境获得合成获得活动获得参量转化深潮的余响炼武秘境:机思 Ⅱ/Ⅲ/Ⅳ（深潮的余响限时开启）时间：周一/周四/周日,N/A,N/A,"最初的大魔术
 裁断
 赦罪
 灰河渡手
 静谧之曲
 勘探钻机
 测距规
 水仙十字之剑",Material
m147,烈日威权的余光,3星,武器突破素材,秘境获得合成获得活动获得参量转化有顶塔炼武秘境:引业 Ⅱ/Ⅲ/Ⅳ（有顶塔限时开启）时间：周三/周六/周日,赋予武器突破之力的材料。编织万千思绪，统制万千灵魂，此所谓威权之道。然而威权之道并非冷酷的暴政，其目的恰恰最为深郁一创造不再有人苦恼， 不再需要迫害与奴役的真实乐土。正如沉默的王从晶石的秘密中望见的一切正如已然消逝的伴侣曾经的教诲那般。玄色的虫印与铁色的裁决，就这样成为了王国法度的基石。,N/A,"猎人之径
 图莱杜拉的回忆
 苇海信标
 竭泽
 王下近侍
 玛海菈的水色
 烈阳之嗣",Material
m148,绿洲花园的恩惠,3星,武器突破素材,秘境获得合成获得活动获得参量转化有顶塔炼武秘境:思惑 Ⅱ/Ⅲ/Ⅳ（有顶塔限时开启）时间：周二/周五/周日,N/A,N/A,"赤沙之杖
 千夜浮梦
 贯月矢
 盈满之实
 流浪的晚星
 聊聊棒",Material
m149,谧林涓露的铁符,3星,武器突破素材,秘境获得合成获得活动获得参量转化有顶塔炼武秘境:云垢 Ⅱ/Ⅲ/Ⅳ（有顶塔限时开启）时间：周一/周四/周日,赋予武器突破之力的材料。后来，草木的主人教会了人们锻造黑铁的奥秘。就这样，天真的凡人学会了使用火与利刃的知识。草木的主人为之欢欣，纵使火与金属会伤害她，但亦会使凡人强大。,N/A,"圣显之钥
 裁叶萃光
 原木刀
 森林王器
 西福斯的月光
 鹮穿之喙
 沙中伟贤的对答",Material
m150,「巧思」的指引,3星,角色天赋素材,活动获得合成获得秘境获得昏识塔精通秘境:妙语Ⅰ/Ⅱ/Ⅲ/Ⅳ（昏识塔限时开启）时间：周二/周五/周日,「巧思」是智慧之国的叶脉。巧思引导正直的言语。巧妙而周密的向善思索，令出口之言不偏离福祉之正道；怠慢与歹意则令言行卑劣不堪。,N/A,N/A,Material
m151,「笃行」的指引,3星,角色天赋素材,活动获得合成获得秘境获得昏识塔精通秘境:律藏Ⅰ/Ⅱ/Ⅲ/Ⅳ（昏识塔限时开启）时间：周三/周六/周日,「笃行」是智慧之国的根系。笃行印证直率的言说。所思所行皆是为善，仍不可称之为智慧。智慧孕育于行动之中，为正直的言语纂下封印。,N/A,N/A,Material
m152,「诤言」的指引,3星,角色天赋素材,活动获得合成获得秘境获得昏识塔精通秘境:圆镜Ⅰ/Ⅱ/Ⅲ/Ⅳ（昏识塔限时开启）时间：周一/周四/周日,「诤言」是智慧之国的枝干。诤言相伴巧妙的思虑。多思多虑方能出言谦逊明晰，令智者折服，使愚者醒悟，让智慧如川流一般畅通不息。,N/A,N/A,Material
m153,今昔剧画之虎啮,3星,武器突破素材,秘境获得合成获得活动获得参量转化砂流之庭炼武秘境:流沙之葬 Ⅱ/Ⅲ/Ⅳ（砂流之庭限时开启）时间：周三/周六/周日,赋予武器突破之力的材料。《菫染山月虎啮鉴》中描绘的鬼人「虎千代」，曾以利齿咬碎将军的薙刀，取得过一时的上风。因此以他为原型制造的面具上往往有精心雕琢的尖牙。在其结局中，负伤之兽般遁入林野，连清凉的月光也避之唯恐不及。穿过窄巷与峡谷的风声像是受伤的鬼在低声哀嚎，因此也有「虎千代风」这一季语。,N/A,"薙草之稻光
 冬极白星
 神乐之真意
 喜多院十文字
 「渔获」
 断浪长鳍
 笼钓瓶一心",Material
m154,鸣神御灵的欢喜,3星,武器突破素材,秘境获得合成获得活动获得参量转化砂流之庭炼武秘境:砂之祭场 Ⅱ/Ⅲ/Ⅳ（砂流之庭限时开启）时间：周二/周五/周日,赋予武器突破之力的材料。在鸣神的幕府中设有奉行之名，乃是诸类事务的管理与执行者。在妖物悠长久远的故事中，在过去，深受将军殿下亲近信赖者会佩戴这种曲勾造型的护符；而奉行之名也取自欢喜奉行之意，得到她青睐的人也会回报以爱与忠义。而从某一时点开始，一切都不再是原本的模样了。,N/A,"飞雷之弦振
 赤角石溃杵
 波乱月白经津
 破魔之弓
 桂木斩长正
 掠食者
 曚云之月
 东花坊时雨",Material
m155,「天光」的指引,3星,角色天赋素材,合成获得活动获得秘境获得菫色之庭精通秘境:真葛废都II/III/IV（菫色之庭限时开启）时间：周三/周六/周日,"雷之国土的愿望是天光。
即使晖光被重重雷云所掩盖，鸣神的国土之上，依旧有志士如云雀般突破雷光与天之怒海，追寻天光之迹，哪怕迎来冷酷的殛灭。",N/A,N/A,Material
m156,「浮世」的指引,3星,角色天赋素材,合成获得活动获得秘境获得菫色之庭精通秘境:菫染之国Ⅱ/Ⅲ/Ⅳ（菫色之庭限时开启）时间：周一/周四/周日,雷之国土的梦想是浮世。浮世之难求乃是人之美的价值所在。人之在世岂不与雷影相似?意欲追逐掇取则遥踞云端，灯火阑珊的静谧之时却不期而来。,N/A,N/A,Material
m157,「风雅」的指引,3星,角色天赋素材,合成获得活动获得秘境获得菫色之庭精通秘境:初雷幽谷Ⅱ/Ⅲ/Ⅳ（菫色之庭限时开启）时间：周二/周五/周日,雷之国土的姿容是风雅。风雅是不倨傲。风雅之人永远是谦虚的。只有消除虚荣与怠慢，才能明亮双眼，从哪怕最不堪入目的表象之下寻求美与雅致的真境。,N/A,N/A,Material
m158,远海夷地的玉枝,3星,武器突破素材,秘境获得合成获得活动获得参量转化砂流之庭炼武秘境:沉砂之渊 Ⅱ/Ⅲ/Ⅳ（砂流之庭限时开启）时间：周一/周四/周日,赋予武器突破之力的材料。赋予武器突破之力的材料。这种珊瑚在提瓦特的大地上是见不到的，是大蛇闯入「暗之外海」时，获得的礼赠。因此对于深海的大蛇而言，身负珊瑚枝象征着力量；而失去珊瑚枝时，力量会相应地折损。换言之，折断的珊瑚枝中也蕴含着超常的力量。,N/A,"雾切之回光
 不灭月华
 有乐御簾切
 天目影打刀
 白辰之环
 恶王丸
 证誓之明瞳",Material
m159,雾海云间的汞丹,3星,武器突破素材,秘境获得合成获得活动获得参量转化震雷连山密宫炼武秘境:鸣雷城墟Ⅱ/Ⅲ/Ⅳ（震雷连山密宫限时开启）时间：周二/周五/周日,N/A,N/A,N/A,Material
m160,狮牙斗士的铁链,3星,武器突破素材,秘境获得合成获得活动获得参量转化塞西莉亚苗圃炼武秘境:渴水的废都Ⅱ/Ⅲ/Ⅳ（塞西莉亚苗圃限时开启）时间：周三/周六/周日,赋予武器突破之力的材料。曾经施在的大英雄温妮莎身上的枷锁——或者这么说吧，那个时代里，所有剑斗士都会背负镣铐。狮牙的斗士也只是其中一员。,N/A,"四风原典
 狼的末路
 阿莫斯之弓
 天空之脊
 苍古自由之誓
 祭礼残章
 宗室大剑
 西风猎弓
 宗室长弓
 祭礼剑
 西风大剑
 西风长枪
 腐殖之剑
 忍冬之果
 风花之颂
 暗巷猎手
 饰铁之花
 旅行剑
 白铁大剑
 异世界行记
 反曲弓
 铁尖枪
 新手长枪",Material
m161,漆黑陨铁的一片,3星,武器突破素材,秘境获得合成获得活动获得参量转化震雷连山密宫炼武秘境:古雷试炼场Ⅱ/Ⅲ/Ⅳ（震雷连山密宫限时开启）时间：周三/周六/周日,赋予武器突破之力的材料。璃月之地向来都有海怪的传说，毕竟彼方是超越提瓦特的未知区域了。没有了尘世七神的守护，外面不知道是怎样的一团混沌。能把岩王帝君的力量都染黑的，正是提瓦特秩序之外的力量。,N/A,"尘世之锁
 贯虹之槊
 护摩之杖
 万国诸海图谱
 试作古华
 铁蜂刺
 试作星镰
 钢轮弓
 螭骨剑
 千岩长枪
 衔珠海皇
 落霞
 筑云
 飞天御剑
 飞天大御剑
 黑缨枪",Material
m162,凛风奔狼的裂齿,3星,武器突破素材,秘境获得合成获得活动获得参量转化塞西莉亚苗圃炼武秘境:深没之谷Ⅱ/Ⅲ/Ⅳ（塞西莉亚苗圃限时开启）时间：周二/周五/周日,N/A,N/A,N/A,Material
m163,孤云寒林的辉岩,3星,武器突破素材,秘境获得合成获得活动获得参量转化震雷连山密宫炼武秘境:雷云祭坛 Ⅱ/Ⅲ/Ⅳ（震雷连山密宫限时开启）时间：周一/周四/周日,赋予武器突破之力的材料。所以对于知情人士来说，孤云阁并不是什么愉快的海上奇观，而是曾经璃月众神的墓园。这里的确会周期性地涌起不祥和污秽，不过那都被另一个降妖伏魔的少年平息了。,N/A,"和璞鸢
 斫峰之刃
 若水
 碧落之珑
 黑岩绯玉
 白影剑
 黑岩长剑
 流月针
 弓藏
 匣里日月
 黑岩战弓
 千岩古剑
 遗祀玉珑
 匣里龙吟
 暗铁剑
 白缨枪
 翡玉法球
 弹弓",Material
m164,高塔孤王的残垣,3星,武器突破素材,秘境获得合成获得活动获得参量转化塞西莉亚苗圃炼武秘境:水光之城Ⅱ/Ⅲ/Ⅳ（塞西莉亚苗圃限时开启）时间：周一/周四/周日,"赋予武器突破之力的材料。烈风的魔神「迭卡拉庇安」对自己所造的王城十分满意,他在高塔上接受所有追随者的跪拜。但他却不知道，众人对他俯身并非出于敬仰爱戴。",N/A,N/A,Material
m165,「黄金」的指引,3星,角色天赋素材,合成获得活动获得秘境获得太山府精通秘境:焚尽之环Ⅱ/Ⅲ/Ⅳ（太山府限时开启）时间：周三/周六/周日,岩之国土的象征是黄金。黄金意味着转换，这是璃月的岩山、大地、港城与人们的默契。在璃月，勤劳被转换为黄金，而黄金被转换为繁荣。,N/A,N/A,Material
m166,「繁荣」的指引,3星,角色天赋素材,合成获得活动获得秘境获得太山府精通秘境:炽炎祭场Ⅱ/Ⅲ/Ⅳ（太山府限时开启）时间：周一/周四/周日,岩之国土的追求是繁荣。繁荣是璃月对它的子女的许诺:以繁荣回报勤劳者，以黄金照亮这片土地。,N/A,N/A,Material
m167,「抗争」的指引,3星,角色天赋素材,合成获得活动获得秘境获得忘却之峡精通秘境:冰封废渊Ⅱ/Ⅲ/Ⅳ（忘却之峡限时开启）时间：周二/周五/周日,风之国土的脊梁是抗争。蒙德的历史即是抗争的历史。抗争是为了蒙德现在的人们能够拥有自由，正如风之神吹散冰雪，正如温妮莎奋起抗争。,N/A,N/A,Material
m168,「自由」的指引,3星,角色天赋素材,合成获得活动获得忘却之峡精通秘境:霜凝祭坛Ⅱ/Ⅲ/Ⅳ(忘却之峡限时开启)时间：周一/周四/周日,风之国土的精神是自由。自由其二，是漫游的自由，即是能在苍翠的土地上自由地通行，而不受阻挠的自由。,N/A,N/A,Material
m169,「诗文」的指引,3星,角色天赋素材,合成获得活动获得秘境获得忘却之峡精通秘境:沉睡之国Ⅱ/Ⅲ/Ⅳ（忘却之峡限时开启）时间：周三/周六/周日,风之国土的灵魂是诗文。诗文是激励的心意。在黯淡的日子里，穿过巷道的风中低语着愤怒的诗文，如同战鼓，如同风暴前的低鸣。,N/A,N/A,Material
m170,「勤劳」的指引,3星,角色天赋素材,合成获得活动获得秘境获得太山府精通秘境:深炎之底Ⅱ/Ⅲ/Ⅳ（太山府限时开启）时间：周二/周五/周日,"岩之国土的根基是勤劳。
勤劳是是流传在璃月人血脉中的催化剂，能将岩石化为黄金，是伟大商港之所以为伟大商港的原因。",N/A,N/A,Material
m171,神合秘烟的征兆,4星,武器突破素材,秘境获得合成获得活动获得深古瞭望所炼武秘境:测度 Ⅲ/Ⅳ（深古瞭望所限时开启）时间：周三/周六/周日,赋予武器突破之力的材料。没有固型的灵性依附于物件之上，结合转化为种种不同的面目，这一过程被称为神合，此后，神合后的灵性会在人的恍惚中，向其传达如梦般的图景。经常与灵进行这般对话的人需要理解那些图景之中的意义，如解梦般将大地之下的征兆化作部族民众所能理解的语言，或将警示转化为故事。据说这就是部族内被称为「叙事人」的职位的由来，也是大多数杰出的「叙事人」都来自谜烟之内的原因。,N/A,"岩峰巡歌
 碎链
 苍纹角杯
 硕果钩硕果钩",Material
m172,谵妄圣主的容光,4星,武器突破素材,秘境获得合成获得活动获得深古瞭望所炼武秘境:究观 Ⅲ/Ⅳ（深古瞭望所限时开启）时间：周二/周五/周日,赋予武器突破之力的材料。那是端居在王座的，最初的人神走入了圣火，而凡俗的世界等待着王厅继任者的时代。也是谋主代执一切权柄的时代。可惜自称圣主的，这位认为他所爱的、他愿意为之垂下金泪的神应该永远只有那一位的僭越者，将私心凌驾于敬爱之神留下的诫言，建立了地天隔绝的城邑。,N/A,"山王长牙
 虹的行迹
 木棉之环
 镇山之钉",Material
m173,贡祭炽心的决绝,4星,武器突破素材,秘境获得合成获得活动获得深古瞭望所炼武秘境:冥见 Ⅲ/Ⅳ（深古瞭望所限时开启）时间：周一/周四/周日,赋予武器突破之力的材料。据说盗取火种的贤者，在他将掌握各种形态火焰的秘术交给部族的民众之后，曾希望他们得以踏上文明的阶梯，摆脱古老的陋习。但传承的迂腐总是难以撼动，而掌握力量的稚童仅仅为了更多的献祭之物就能开启同族之间的战端，这或许也是贤者最后心灰意冷，而从历史中隐去身形的原因。值得一说的事是，将生命献祭的仪式遭到全面禁止，却恰恰是禁城的圣主掌权之时。后者为了执掌权威而废弃了种种民俗，却也可视为一类文明的开端。,N/A,"冲浪时光
 撼地者
 息燧之笛
 弥坚骨",Material
m174,「角逐」的哲学,4星,角色天赋素材,合成获得活动获得秘境获得蕴火的幽墟精通秘境：转竟Ⅰ/Ⅱ/Ⅲ/Ⅳ（蕴火的幽墟限时开启）时间：周一/周四/周日,"天赋培养素材。
火之国土的原则是角逐。
角逐是为了让自身更加强大，在一场角逐的胜负落定之后，胜利者从中获得确立自己方向的自信，失败者获得如何变得强大的启示。在胜负之外，这是角逐真正的意义。",N/A,N/A,Material
m175,「纷争」的哲学,4星,角色天赋素材,合成获得活动获得秘境获得蕴火的幽墟精通秘境：旋复Ⅰ/Ⅱ/Ⅲ/Ⅳ（蕴火的幽墟限时开启）时间：周三/周六/周日,"天赋培养素材。
火之国土的事理是纷争。
纷争的前提是，参与争端的人都会真诚地面对自己的欲望，面对欲望，然后在争辩或战斗之中，才不会忘记自己想要取得的东西，也不会偏离原本的目的。",N/A,N/A,Material
m176,秘刻金纹的源核,4星,角色培养素材,"BOSS掉落
30级以上秘源机兵·构型械掉落",在击败秘源机兵·构型械后，从其失去动力而解离的躯体中寻找到的核心构件。据说驱使所有现在被称为秘源机兵的机械核心的其实都是同一种核心，只是不同核心携带的信息并不一样，其上金色纹路图案的差别或许也可以说明这一点。起初只是为了让工具能够自如运转而在回路中加入了诸多命令，或许正是这种命令的重重叠加，最后造就了人造智慧的雏形吧。,N/A,N/A,Material
m177,「焚燔」的哲学,4星,角色天赋素材,合成获得活动获得秘境获得蕴火的幽墟精通秘境：空华Ⅰ/Ⅱ/Ⅲ/Ⅳ（蕴火的幽墟限时开启）时间：周二/周五/周日,"天赋培养素材。
火之国土的成规是焚燔。
所谓的焚燔，是在得到之前，先献出代价，但往往并非一定会有回应与回报。不求回报的付出代价，才是焚燔的真意，因为取得成果的日子终究会到来。",N/A,N/A,Material
m178,过熟的火榴果,4星,角色培养素材,BOSS掉落30级以上贪食匿叶龙山王掉落,"击败贪食匿叶龙山王后，获得的奇特火榴果。
一般来说，成熟的火榴果如果再继续生长，就会跌入泥中腐烂。但是从山王的鬃毛之中落下的果子，或由于其奇特体温保护着的缘故，呈现出非常难得的「过熟」状态。这种状态下的火榴果稳定，富含燃素，果色厚重，别具一番风味。",N/A,N/A,Material
m179,受祝所缚之印,4星,角色培养素材,BOSS掉落30级以上金焰绒翼龙暴君掉落,"击败金焰绒翼龙暴君后,获得的角的残片。
其上能够看到蔓延于角上的奇怪印记，这印记被称为「焰主之祝」,拥有此印的龙众将获得远古的伟力。不过，远古的伟力自然不是现在龙众的身躯所能承担，也是诸多祸事的来由。许多的悲剧，其源头正是不可自控的力量。",N/A,N/A,Material
m180,金色旋律的断章,4星,角色培养素材,BOSS掉落30级以上魔像督军掉落,半人马魔像胸前掉落的金色别章。与之连缀的碎石上所镌刻着的曲调，似乎是某部宏大乐剧的断章。曾有人认为，永恒幸福的谐和音律将会响彻寰宇，直至一切命运的尽头，但谐律亦会变奏，最终，当叛逆的神王跌落王座，不朽的王都化为丘墟，失去了军团的统帅手中的琴又要为谁人奏响呢。,N/A,N/A,Material
m181,凝云鳞甲,4星,角色培养素材,BOSS掉落,隐山猊兽的甲鳞，质地冰冷而坚硬。纵然剥离脱落，其上依然萦绕着纯净的仙力，普通的武器难以损之分毫。普通的野兽有时也会被逸散的仙力影响，变得比往常更为强大，但猊兽的不同之处在于，萦绕其身的仙力并非源于环境，而是源于它们自身——这也是其首领的地位往往被认为与仙人等同的原因。,N/A,N/A,Material
m182,未能达成超越之水,4星,角色培养素材,BOSS掉落30级以上水形幻人掉落,水形幻人崩溃逸散后留下的唯一痕迹。与原海异种体内取出的晶体有非常相近的性质，但当中蕴含了许多细碎的浊物，就如同凝固在拙劣工匠的玻璃制品中的微小气泡。,N/A,N/A,Material
m183,「图比昂装置」,4星,角色培养素材,BOSS掉落30级以上实验性场力发生装置掉落,N/A,N/A,N/A,Material
m184,「正义」的哲学,4星,角色天赋素材,秘境获得合成获得苍白的遗荣精通秘境:箴铭Ⅳ(苍白的遗荣限时开启)时间：周二/周五/周日,水之国土的利剑是正义。枫丹的律法秉正义之剑而行。正义意味着裁决与调和，以裁决的剑锋遏止恶行，以调和的手段维护秩序。,N/A,N/A,Material
m185,「秩序」的哲学,4星,角色天赋素材,秘境获得合成获得苍白的遗荣精通秘境:琅诵Ⅳ(苍白的遗荣限时开启)时间：周三/周六/周日,N/A,N/A,N/A,Material
m186,纯圣露滴的醴泉,4星,武器突破素材,秘境获得合成获得活动获得深潮的余响炼武秘境:匠理 Ⅲ/Ⅳ（深潮的余响限时开启）时间：周二/周五/周日,N/A,N/A,"万世流涌大典
 静水流涌之辉
 白雨心弦
 海渊终曲
 纯水流华
 船坞长剑",Material
m187,原海麟角,4星,角色培养素材,BOSS掉落30级以上千年珍珠骏麟掉落,"千年珍珠骏麟的放电器官，也是象征它的伟大超越的王器。已经在与挑战者的战斗中折断了。
作为自泡泡海马成长而来的顶尖掠食者，千年珍珠骏麟的进化之旅与别的原海异种截然不同：并不是基于原本的物种结构而进化得更大、更强壮，而是生出了泡泡海马所不具备的肢体、犄角，甚至连同骨骼、肌肉都发生了变化。比起原本应有的形态，它的身姿更像古老传说中的幻兽。在诗人与剧作家的幻想中，即使是海马也会有骐骥在大地上驰骋、跃动的姿态。",N/A,N/A,Material
m188,「公平」的哲学,4星,角色天赋素材,秘境获得合成获得苍白的遗荣精通秘境:旋韵Ⅳ(苍白的遗荣限时开启)时间：周一/周四/周日,"水之国土的堤岸是公平。
公平是枫丹立国的基础。公平总是需要稳固的道德与律法加以支撑，道德与律法亦基于不变的公平准则而流变不息。",N/A,N/A,Material
m189,N/A,4星,武器突破素材,秘境获得合成获得活动获得深潮的余响炼武秘境:奇械 Ⅲ/Ⅳ（深潮的余响限时开启）时间：周三/周六/周日,赋予武器突破之力的材料。在黄金之衾覆盖国土的岁月里，纯真的泉水不得不藏匿于隐秘山涧，「纯水骑士」便是在这些避难所中诞生的。骑士们以白银的甲胄为誓，守护着来自纯水的精灵，守卫着同样信赖唯一源泉的乡亲，抵抗遮天蔽日的黄金之权。那是很久以前的传说了…在帝国崩毁沉没之后不久，抵抗僭主的骑士们也卸下甲胄，其故事隐入了庞杂的故事歌谣之中。,N/A,"金流监督
 赤月之形
 柔灯挽歌
 峡湾长歌
 浪影阔剑
 公义的酬报
 便携动力锯
 「究极霸王超级魔剑」",Material
m190,悠古弦音的乐章,4星,武器突破素材,秘境获得合成获得活动获得深潮的余响炼武秘境:机思 Ⅲ/Ⅳ（深潮的余响限时开启）时间：周一/周四/周日,赋予武器突破之力的材料。在黄金宫殿与王座同沉的灾难中，乐章破碎，音符沉默…但帝国的遗民从未放弃拯救与超越命运的执望。为了拯救没落的文明与超越的旧梦，「金色剧团」奏响美妙的乐曲，指引孩童向沉睡的魔像献出高贵灵魂。,N/A,"最初的大魔术
 裁断
 赦罪
 灰河渡手
 静谧之曲
 勘探钻机
 测距规
 水仙十字之剑",Material
m191,奇械发条备件·歌裴莉娅,4星,角色培养素材,BOSS掉落30级以上「冰风组曲·歌裴莉娅的葬送」掉落,N/A,N/A,N/A,Material
m192,奇械发条备件·科培琉司,4星,角色培养素材,BOSS掉落30级以上「冰风组曲·科培琉司的劫罚」掉落,"属于科培琉司的奇械发条备件，能够为奇械舞者提供能源。
奇械舞者踏着白金的音节，不知昼夜地为观众献上冰风的轮舞。科培琉司不会停下舞步，直至丧钟敲响。
在最初的《发条的歌裴莉娅》中，科培琉司是发条机关歌装莉娅的创造者与追求者。这是根据观众回忆，少数被记录下来的台词节选：
「我心已定，从今往后，我将不再追寻使我欢喜的人，而要为我选定的人带来欢喜。」
「此事虽然荒唐但却也是世间常理，智者总是听命于蠢人，人生就像一场庸俗的喜剧。」",N/A,N/A,Material
m193,帝皇的决断,4星,角色培养素材,BOSS掉落30级以上铁甲熔火帝皇掉落,N/A,N/A,N/A,Material
m194,苍砾蕊羽,4星,角色培养素材,BOSS掉落30级以上风蚀沙虫掉落,N/A,N/A,N/A,Material
m195,灭诤草蔓,4星,角色培养素材,N/A,N/A,N/A,N/A,Material
m196,常暗圆环,4星,角色培养素材,BOSS掉落30级以上深罪浸礼者掉落,击败呢喃着至暗福音的四臂使者后，得到的环形法器。圆环即是通道的造型。是故能产生各种神秘效力的法阵常常以圆环构成。在大地深处曾有一些瞥见过宇宙之一角的人，他们大多明白了这样的道理：即便是宇宙当中的伟大之物的阴影，也比受缚于大地之重力的渺小生命有更鲜明的色彩、更立体的形态。而在这些人当中又有先驱者试图前往漆黑的宇宙，或是将真正的宇宙带到隐藏在充满争斗、没有希望、没有过去也没有未来的世界地下的繁荣和平之国。这种环形法器或许便是导引宇宙的门路。,N/A,N/A,Material
m197,永续机芯,4星,角色培养素材,BOSS掉落30级以上兆载永劫龙兽掉落,N/A,N/A,N/A,Material
m198,导光四面体,4星,角色培养素材,BOSS掉落30级以上半永恒统辖矩阵掉落,击败神秘的机关组合后，获得的核心部件。即使到今日，古老的机械也从未遗忘主人的梦与自己的职责：构筑一千座宫殿、统辖三千台机械、种下一万朵如今已经不再开放的花，为地上一切有灵者重现埋没在沙海中的「乐园」。即使荒漠的王者已经不再，梦想也因为深罪的低语而腐败；即使所有魔柱都完全折断、倒塌，原本受王青睐的巨兽隐入热砂的风暴中。,N/A,N/A,Material
m199,蕈王钩喙,4星,角色培养素材,BOSS掉落30级以上翠翎恐蕈掉落,击败翠翎恐蕈后，获得的角质结构。学者至今都觉得柔软的蕈兽演化出坚如磐石的钩喙是一个奇迹。在演化的终点线上，堪称华美的众蕈之王悠然踱步，时而长鸣，在向雨林中的万物昭告：哪怕再弱小再胆怯的生灵，也有可能成为未来的山灵主人。,N/A,N/A,Material
m200,藏雷野实,4星,角色培养素材,BOSS掉落30级以上掣电树掉落,被锋锐树叶包裹的製电树核心，肆意向周围散发雷元素。大地深处咆哮的能量急切地想要倾泻暴怒，于是不幸的藤蔓也沾染了狂躁的气息，挥舞着扭曲的枝条哀号，不知是想要让他人品尝雷火穿身的苦痛，还是挣扎着期待必至的末日。,N/A,N/A,Material
m201,烈日威权的梦想,4星,武器突破素材,秘境获得合成获得活动获得有顶塔炼武秘境:引业 Ⅲ/Ⅳ（有顶塔限时开启）时间：周三/周六/周日,N/A,N/A,"猎人之径
 图莱杜拉的回忆
 苇海信标
 竭泽
 王下近侍
 玛海菈的水色
 烈阳之嗣",Material
m202,绿洲花园的哀思,4星,武器突破素材,秘境获得合成获得活动获得有顶塔炼武秘境:思惑 Ⅲ/Ⅳ（有顶塔限时开启）时间：周二/周五/周日,赋予武器突破之力的材料。花的王者曾与镇灵为善。鲜花与绿洲的女主人曾与沙漠的王共同为镇灵建起了「圆形剧场之城」阿伊·哈努姆，在古老镇灵的语言中乃是「月女城」之意。但后来，据说花的女王死于烈日与黄沙的恶意，绿洲也不复有紫红的帕蒂莎兰盛开。在她陨落之后，沙暴哀鸣、镇灵恸哭，月光般白银的宝石圆盘亦失却了原本的享乐用途，散发出哀伤的光芒。,N/A,"赤沙之杖
 千夜浮梦
 贯月矢
 盈满之实
 流浪的晚星
 聊聊棒",Material
m203,谧林涓露的银符,4星,武器突破素材,秘境获得合成获得活动获得有顶塔炼武秘境:云垢 Ⅲ/Ⅳ（有顶塔限时开启）时间：周一/周四/周日,赋予武器突破之力的材料。在森林的诸多故事中，身披烈火般条纹斗篷的王是迷宫的大君，是映月之水的主人。当他俯首与草木的主人缔结友谊，信物便是闪烁着似水光泽的宝石与月光似的白银。作为友谊的珍贵交换，草木的主人承诺为迷宫之王保守秘密，保护雨林绮丽的梦想。尽管后来，一切秘密与梦构成的华美宫阙都在遗忘的深黑烈焰之下烟消云散，又融入厚重土壤，化作了新生雨林的养料。,N/A,"圣显之钥
 裁叶萃光
 原木刀
 森林王器
 西福斯的月光
 鹮穿之喙
 沙中伟贤的对答",Material
m204,「笃行」的哲学,4星,角色天赋素材,活动获得合成获得秘境获得昏识塔精通秘境:律藏Ⅰ/Ⅱ/Ⅲ/Ⅳ（昏识塔限时开启）时间：周三/周六/周日,「笃行」是智慧之国的根系。笃行促生智慧的果实。行为实证行为本身的意义，行、言、思的联结一体，是令贤智之人得见完美的唯一通途。,N/A,N/A,Material
m205,「诤言」的哲学,4星,角色天赋素材,活动获得合成获得秘境获得昏识塔精通秘境:圆镜Ⅰ/Ⅱ/Ⅲ/Ⅳ（昏识塔限时开启）时间：周一/周四/周日,「诤言」是智慧之国的枝干。诤言终于至善的操行。行为赋予言语真实含义，言、思、行的协同一致，是令智慧之树结出善果的丰厚养分。,N/A,N/A,Material
m206,符纹之齿,4星,角色培养素材,BOSS掉落30级以上遗迹巨蛇掉落,N/A,N/A,N/A,Material
m207,「巧思」的哲学,4星,角色天赋素材,活动获得合成获得秘境获得昏识塔精通秘境:妙语Ⅰ/Ⅱ/Ⅲ/Ⅳ（昏识塔限时开启）时间：周二/周五/周日,「巧思」是智慧之国的叶脉。巧思成于谐和的品行。行为赋予思想完美形态，思、言、行的彼此印证，是令智慧之树绽放出花朵的忠实基干。,N/A,N/A,Material
m208,兽境王器,4星,角色培养素材,BOSS掉落30级以上黄金王兽掉落,N/A,N/A,N/A,Material
m209,排异之露,4星,角色培养素材,N/A,N/A,N/A,N/A,Material
m210,雷霆数珠,4星,角色培养素材,BOSS掉落30级以上雷音权现掉落,N/A,N/A,N/A,Material
m211,龙嗣伪鳍,4星,角色培养素材,任务奖励完成风起鹤归任务将得到龙嗣伪鳍x2BOSS掉落30级以上深海龙蜥之群掉落,击败深海龙蜥之后，可以拾取到的一截生物组织。虽然看起来像是鲨鳍，但其实并不发挥什么作用。曾经的白夜国之民对深海龙蜥有深入的研究。它们最为不同的一点就是可以靠意志决定自身特征的去留与遗传。因为厌恶人造光源，龙蜥成年就会失去视觉上的大部分细节；同时为了战斗，它们进化出了其他元素的行为多型性。,N/A,N/A,Material
m212,阴燃之珠,4星,角色培养素材,N/A,N/A,N/A,N/A,Material
m213,今昔剧画之一角,4星,武器突破素材,秘境获得合成获得活动获得砂流之庭炼武秘境:流沙之葬 Ⅲ/Ⅳ（砂流之庭限时开启）时间：周三/周六/周日,N/A,N/A,"薙草之稻光
 冬极白星
 神乐之真意
 喜多院十文字
 「渔获」
 断浪长鳍
 笼钓瓶一心",Material
m214,鸣神御灵的亲爱,4星,武器突破素材,秘境获得合成获得活动获得砂流之庭炼武秘境:砂之祭场 Ⅲ/Ⅳ（砂流之庭限时开启）时间：周二/周五/周日,N/A,N/A,"飞雷之弦振
 赤角石溃杵
 波乱月白经津
 破魔之弓
 桂木斩长正
 掠食者
 曚云之月
 东花坊时雨",Material
m215,远海夷地的琼枝,4星,武器突破素材,秘境获得合成获得活动获得砂流之庭炼武秘境:沉砂之渊 Ⅲ/Ⅳ（砂流之庭限时开启）时间：周一/周四/周日,赋予武器突破之力的材料。失去了一切、逃向暗之外海的魔神在海渊中，见到了什么都没有的弃民。于是它决定留下来，成为他们的「远吕羽氏尊」、「海衹大御神」。传说大蛇神曾经折下身上所有的珊瑚枝，让蜷缩在黑暗中的孩子们拥有照亮周遭的光明。又有一说它用折下的珊瑚枝架起了登高的阶梯，让它的孩子们再次回到了地面上，见到阳光。,N/A,"雾切之回光
 不灭月华
 有乐御簾切
 天目影打刀
 白辰之环
 恶王丸
 证誓之明瞳",Material
m216,「天光」的哲学,4星,角色天赋素材,合成获得活动获得秘境获得菫色之庭精通秘境:真葛废都IV（菫色之庭限时开启）时间：周三/周六/周日,N/A,N/A,N/A,Material
m217,「浮世」的哲学,4星,角色天赋素材,合成获得活动获得秘境获得菫色之庭精通秘境:菫染之国Ⅳ（菫色之庭限时开启）时间：周一/周四/周日,雷之国土的梦想是浮世。浮世之短暂乃是人之美的本性所在。人之在世岂不与稻光相近?神威显现的刹那恍若隽永，而永恒的威鸣又有谁人能够承受？,N/A,N/A,Material
m218,「风雅」的哲学,4星,角色天赋素材,合成获得活动获得秘境获得菫色之庭精通秘境:初雷幽谷 Ⅳ（菫色之庭限时开启）时间：周二/周五/周日,N/A,N/A,N/A,Material
m219,恒常机关之心,4星,角色培养素材,BOSS掉落30级以上恒常机关阵列掉落,驱使恒常机关阵列自律行动的核心。有人推测这种核心上的纹样当中以肉眼不可见的语言写上了智能与逻辑，也有人进一步认为这种特殊的遗迹机关因为格外庞大的核心与复杂的纹样，自发选择抛弃了生物的姿态，转而追求性能的强大,N/A,N/A,Material
m220,魔偶机心,4星,角色培养素材,BOSS掉落30级以上魔偶剑鬼掉落,N/A,N/A,N/A,Material
m221,晶凝之华,4星,角色培养素材,N/A,N/A,N/A,N/A,Material
m222,未熟之玉,4星,角色培养素材,BOSS掉落30级以上古岩龙蜥掉落,从古岩龙蜥处取来的结晶物质，蕴含着成为龙的可能性。沉眠在山岳中的龙蜥体内，会析出这种黯淡的晶石。璃月有坊间传说认为，力量随着年月积聚，而这种晶石最终会取代原本的心脏，而龙蜥也会成为真正的龙，撼动山岳、撕裂大地。,N/A,N/A,Material
m223,凛风奔狼的断牙,4星,武器突破素材,秘境获得合成获得活动获得塞西莉亚苗圃炼武秘境:深没之谷Ⅲ/Ⅳ（塞西莉亚苗圃限时开启）时间：周二/周五/周日,赋予武器突破之力的材料。狼群也充分理解，人如果没有同类会感到孤独。光荣的断牙是狼们离别的赠礼，据说真的有保护平安的魔力。在遥远世界的传说里有一只母狼领养了伟大的双子狼与人所同住的「家」则被称为「狼之洞」，也就是「卢佩卡」，与这个世界的「卢皮卡」同义。,N/A,N/A,Material
m224,孤云寒林的圣骸,4星,武器突破素材,秘境获得合成获得活动获得震雷连山密宫炼武秘境:雷云祭坛 Ⅲ/Ⅳ（震雷连山密宫限时开启）时间：周一/周四/周日,赋予武器突破之力的材料。岩枪的核心是发着暗淡光辉的核心，那是战败魔神的力量深入岩石形成的。他们的怨恨并不针对摩拉克斯，因为他们早就已经没有自我了，不可能还残留私怨。,N/A,"和璞鸢
 斫峰之刃
 若水
 碧落之珑
 黑岩绯玉
 白影剑
 黑岩长剑
 流月针
 弓藏
 匣里日月
 黑岩战弓
 千岩古剑
 遗祀玉珑
 匣里龙吟
 暗铁剑
 白缨枪
 翡玉法球
 弹弓",Material
m225,雾海云间的金丹,4星,武器突破素材,秘境获得合成获得活动获得震雷连山密宫炼武秘境:鸣雷城虚Ⅲ/Ⅳ（震雷连山密宫限时开启）时间：周二/周五/周日,赋予武器突破之力的材料。其实所谓金丹，真的是字面意思的金属之丹。这些都是仙人们制造的合金，融合了神通之力，可以给与武器超越的力量。武人似乎都觉得武道优于仙道，不怎么访神问仙。所以金丹并没什么机会给出去。,N/A,N/A,Material
m226,漆黑陨铁的一角,4星,武器突破素材,秘境获得合成获得活动获得震雷连山密宫炼武秘境:古雷试炼场Ⅲ/Ⅳ（震雷连山密宫限时开启）时间：周三/周六/周日,赋予武器突破之力的材料。提瓦特沿海的诸国把超越七神庇护的外部称之为「暗之外海」，据说许多战败的麾神不愿意活在新的七神秩序之下，于是逃到了远岛，化作了邪神。不过它们的力量和岩王帝君的力量本就同源，和这个吞噬一切的漆黑并不一样。,N/A,"尘世之锁
 贯虹之槊
 护摩之杖
 万国诸海图谱
 试作古华
 铁蜂刺
 试作星镰
 钢轮弓
 螭骨剑
 千岩长枪
 衔珠海皇
 落霞
 筑云
 飞天御剑
 飞天大御剑
 黑缨枪",Material
m227,高塔孤王的断片,4星,武器突破素材,秘境获得合成获得活动获得塞西莉亚苗圃炼武秘境:水光之城Ⅲ/Ⅳ（塞西莉亚苗圃限时开启）时间：周一/周四/周日,N/A,N/A,N/A,Material
m228,狮牙斗士的镣铐,4星,武器突破素材,秘境获得合成获得活动获得塞西莉亚苗圃炼武秘境:渴水的废都Ⅲ/Ⅳ（塞西莉亚苗圃限时开启）时间：周三/周六/周日,赋予武器突破之力的材料。温妮莎并不是被镣铐或者锁链困住的，她想要挣脱枷锁和镣铐的话，随时都能击碎蒙德融造的普通金属。毕竟这里既没有优秀的矿石，也没有故乡的神火。锁往她的，是守护族人的责任。,N/A,"四风原典
 狼的末路
 阿莫斯之弓
 天空之脊
 苍古自由之誓
 祭礼残章
 宗室大剑
 西风猎弓
 宗室长弓
 祭礼剑
 西风大剑
 西风长枪
 腐殖之剑
 忍冬之果
 风花之颂
 暗巷猎手
 饰铁之花
 旅行剑
 白铁大剑
 异世界行记
 反曲弓
 铁尖枪
 新手长枪",Material
m229,玄岩之塔,4星,角色培养素材,N/A,N/A,N/A,N/A,Material
m230,飓风之种,4星,角色培养素材,N/A,N/A,N/A,N/A,Material
m231,雷光棱镜,4星,角色培养素材,N/A,N/A,N/A,N/A,Material
m232,极寒之核,4星,角色培养素材,BOSS掉落30级以上急冻树掉落,"急冻树被击败后,裸露出的原核。其中蕴含着纯净的冰元素。在大地深处中奔涌的能量与思念终归会喷发。就连哀思般沉寂的寒霜，也会附着在地面上的生命形态当中;即使原本不该狩猎的生灵的藤蔓植物，也会变得庞大而凶悍吧。",N/A,N/A,Material
m233,常燃火种,4星,角色培养素材,BOSS掉落30级以上爆炎树掉落,N/A,N/A,N/A,Material
m234,「黄金」的哲学,4星,角色天赋素材,合成获得活动获得秘境获得太山府精通秘境:焚尽之环 Ⅳ（太山府限时开启）时间：周三/周六/周日,岩之国土的象征是黄金。黄金是璃月的财富。但璃月真正的财富，是璃月的人们那如黄金般闪耀的心灵。,N/A,N/A,Material
m235,「勤劳」的哲学,4星,角色天赋素材,合成获得活动获得秘境获得太山府精通秘境:深炎之底Ⅰ/Ⅱ/Ⅲ/Ⅳ（太山府限时开启）时间：周二/周五/周日,"岩之国土的根基是勤劳。
勤劳即为相信自己，即为相信通过汗水、智慧与力量，在诸神的土地上，人人都可以拥有自己的一席之地。",N/A,N/A,Material
m236,「繁荣」的哲学,4星,角色天赋素材,合成获得活动获得秘境获得太山府精通秘境:炽炎祭场Ⅳ（太山府限时开启）时间：周一/周四/周日,N/A,N/A,N/A,Material
m237,「诗文」的哲学,4星,角色天赋素材,合成获得活动获得秘境获得忘却之峡精通秘境:沉睡之国Ⅳ（忘却之峡限时开启）时间：周三/周六/周日,风之国土的灵魂是诗文。诗文是传颂的心意。即使一切都将逝去，即使一切都将不再，随风而行的诗歌，仍会将此世间一切美好传遍天空、大地与海洋的一切角落。,N/A,N/A,Material
m238,「抗争」的哲学,4星,角色天赋素材,合成获得活动获得秘境获得忘却之峡精通秘境:冰封废渊Ⅳ（忘却之峡限时开启）时间：周二/周五/周日,风之国土的脊梁是抗争。蒙德的历史即是抗争的历史。抗争是为了蒙德未来的诗文，也能自由地随着眷顾的风，传到远方。,N/A,N/A,Material
m239,「自由」的哲学,4星,角色天赋素材,合成获得活动获得秘境获得忘却之峡精通秘境:霜凝祭坛Ⅳ(忘却之峡限时开启)时间：周一/周四/周日,风之国土的精神是自由。自由其三，是歌唱的自由，即是能在风之神塑造的美好土地上歌唱，让自己的心与歌一同随风而去的自由。,N/A,N/A,Material
m240,星与火的基石,5星,角色培养素材,魔神任务部族纪闻世界任务,"「英雄点燃圣火，照亮世界，又终将沉眠，枕星安息。」
「他们留下了一块石头，一张织物。我们以此为基石，搭起了永不断绝的文明。」",N/A,N/A,Material
m241,神合秘烟的启示,5星,武器突破素材,秘境获得合成获得深古瞭望所炼武秘境:测度 Ⅳ（深古瞭望所限时开启）时间：周三/周六/周日,N/A,N/A,"岩峰巡歌
 碎链
 苍纹角杯
 硕果钩硕果钩",Material
m242,贡祭炽心的荣膺,5星,武器突破素材,秘境获得合成获得深古瞭望所炼武秘境:冥见 Ⅳ（深古瞭望所限时开启）时间：周一/周四/周日,赋予武器突破之力的材料。「如果你想要拥世上的一切，那就先将自己的一切献给世界吧。」在禁城的圣主不再允许众人向夜晚的国度祈求之后，一度建立的精神的纽带业已荒毁。受指引的赤瞳的少年经历种种考验，其最后一项就是要效仿最初的人神那样，用黄金的匕首献上自己的心脏。自我的献祭是一种胜者的荣膺，他没有丝毫的犹豫，用烁光的利刃劈开自己的胸膛。而他再次出现的时候，已是从水如流光的国度归来，即将重造伟业的时刻了。,N/A,"冲浪时光
 撼地者
 息燧之笛
 弥坚骨",Material
m243,谵妄圣主的神面,5星,武器突破素材,秘境获得合成获得深古瞭望所炼武秘境:究观 Ⅳ（深古瞭望所限时开启）时间：周二/周五/周日,N/A,N/A,"山王长牙
 虹的行迹
 木棉之环
 镇山之钉",Material
m244,丝织之羽,5星,天赋培养素材,周常BOSS掉落70级以上「仆人」挑战奖励,"完成与「仆人」的决斗后，在废墟中拾起的晶片。
已经冷却的血与火依旧维持着羽毛的形状，周围缭绕着凝固的黑色细线。
心智尚未成熟之时，稚童们总是依赖父母的精心照料，如同雏鸟需要羽翼的庇护。
为了满足这份愿望，「父亲」将危险的蛛丝织成羽毛，模仿成鸟的翅膀，为家中带去些许温暖。",N/A,N/A,Material
m245,残火灯烛,5星,天赋培养素材,周常BOSS掉落70级以上「仆人」挑战奖励,"完成与「仆人」的决斗后，在废墟中拾起的灯烛。
相传当烛火摇曳于罪人的手中，光亮即可化作阴影，掩盖脚步声与杀意。
不知用何种材料制成，燃烧后没有蜡泪，只有黑色的灰烬散入风中，飘向未知的远方。",N/A,N/A,Material
m246,否定裁断,5星,天赋培养素材,周常BOSS掉落70级以上「仆人」挑战奖励,"完成与「仆人」的决斗后，在废墟中拾起的耳钉。
红色的符号如同她眼中的图案，既是申敕也是否决。
失怙失恃的孩子们自幼就蒙受诸般苦难，这些她都记在心底。
命运审视人间，亦将有人审视命运。",N/A,N/A,Material
m247,N/A,5星,天赋培养素材,周常BOSS掉落70级以上吞星之鲸挑战奖励,N/A,N/A,N/A,Material
m248,N/A,5星,天赋培养素材,周常BOSS掉落70级以上吞星之鲸挑战奖励,N/A,N/A,N/A,Material
m249,N/A,5星,天赋培养素材,周常BOSS掉落70级以上吞星之鲸挑战奖励,N/A,N/A,N/A,Material
m250,N/A,5星,武器突破素材,秘境获得合成获得深潮的余响炼武秘境:奇械 Ⅳ（深潮的余响限时开启）时间：周三/周六/周日,赋予武器突破之力的材料。沉没之城的僭主弹奏黄金乐章的最后一曲时，深受宠渥的的乐师窃走了满盛灵露的金杯。为神王的背叛愚行所震惊，乐师召集了最后的禁卫，用不溶的灵露将魔龙封印于高塔之下，同王城一起沉沦海渊。后来，这高贵窃贼的身影从历史上默默消湮，只有「金色剧团」仍忠诚地记得他的预言。,N/A,"金流监督
 赤月之形
 柔灯挽歌
 峡湾长歌
 浪影阔剑
 公义的酬报
 便携动力锯
 「究极霸王超级魔剑」",Material
m251,纯圣露滴的真粹,5星,武器突破素材,秘境获得合成获得深潮的余响炼武秘境:匠理 Ⅳ（深潮的余响限时开启）时间：周二/周五/周日,N/A,N/A,"万世流涌大典
 静水流涌之辉
 白雨心弦
 海渊终曲
 纯水流华
 船坞长剑",Material
m252,悠古弦音的回响,5星,武器突破素材,秘境获得合成获得深潮的余响炼武秘境:机思 Ⅳ（深潮的余响限时开启）时间：周一/周四/周日,N/A,N/A,"最初的大魔术
 裁断
 赦罪
 灰河渡手
 静谧之曲
 勘探钻机
 测距规
 水仙十字之剑",Material
m253,亘古树海之一瞬,5星,天赋培养素材,周常BOSS掉落70级以上阿佩普的绿洲守望者挑战奖励,N/A,N/A,N/A,Material
m254,原初绿洲之初绽,5星,天赋培养素材,周常BOSS掉落70级以上阿佩普的绿洲守望者挑战奖励,N/A,N/A,N/A,Material
m255,生长天地之蕨草,5星,天赋培养素材,周常BOSS掉落70级以上阿佩普的绿洲守望者挑战奖励,N/A,N/A,N/A,Material
m256,空行的虚铃,5星,天赋培养素材,周常BOSS掉落70级以上正机之神挑战奖励,N/A,N/A,N/A,Material
m257,N/A,5星,天赋培养素材,周常BOSS掉落70级以上正机之神挑战奖励,正机之主胸前用于隔断外界的镜面。特意绘上了三重巴纹以宣告其身份与威严。此纹样并非向雷之主人宣告臣服，而是刺往世间既有之威能的利刃; 此镜面并非隔绝世人批判之目光;而是断却俗世一切之污脏的宫墙。于此大殿中施舍惩戒，洗净蒙昧，颠倒梦想、剜去心因，重书定业。,N/A,N/A,Material
m258,傀儡的悬丝,5星,天赋培养素材,周常BOSS掉落70级以上正机之神挑战奖励,"插入机心人偶背部的导管。流淌其中的色彩时而晦暗时而明艳，矛盾到令人恐惧。为机心人偶提供能量，同时也如悬挂木偶的丝线一般控制束缚着人偶。
失去导管支撑，人偶将羸弱得堪比新生幼儿，寸步难行。",N/A,N/A,Material
m259,烈日威权的旧日,5星,武器突破素材,秘境获得合成获得有顶塔炼武秘境:引业 Ⅳ（有顶塔限时开启）时间：周三/周六/周日,赋予武器突破之力的材料。愚痴的黄沙之王统治的年代里，烈日般黄金的权力遍洒大地。古旧的石碑记录，王的威权化作七道烈光或七座柱梁；王的慈悲平均地赐予每一个人手中，没有人受到忽视，亦没有人心怀不满。那是一个被遗忘的黄金时代，彼时花的女王已谢落尘沙，草木的主人也决定离去。但只有黄沙的子嗣选择与他们的神祗同在，即使灾祸的阴影渐行渐近，他们所信赖的威权依旧如琥珀与黄金那般闪耀着不灭的光芒。但灾祸终究还是降临了，黄金的虫印也被葬在了神殿与宫阙深处、曾雕着鹫兽与牛头的破碎柱基之下。,N/A,"猎人之径
 图莱杜拉的回忆
 苇海信标
 竭泽
 王下近侍
 玛海菈的水色
 烈阳之嗣",Material
m260,绿洲花园的真谛,5星,武器突破素材,秘境获得合成获得有顶塔炼武秘境:思惑 Ⅳ（有顶塔限时开启）时间：周二/周五/周日,N/A,N/A,"赤沙之杖
 千夜浮梦
 贯月矢
 盈满之实
 流浪的晚星
 聊聊棒",Material
m261,凶将之手眼,5星,天赋培养素材,周常BOSS掉落70级以上永恒的守护者挑战奖励,从净土中取回来的人偶关节，这一部分乃是象征着「所见即所为」的手眼造型。已经化做祸神的「她」，同样可以驾驭此等手眼神通。目光所见之瞬间，便已斩出一刀。然而万劫太过久远，凶将之骸亦得春生。,N/A,N/A,Material
m262,祸神之禊泪,5星,天赋培养素材,周常BOSS掉落70级以上永恒的守护者挑战奖励,从净土中取回的人偶关节，这一部分乃是「恶曜之眼」的造型。仅仅依靠凝视就可以降下灾祸与诅咒，因此把人生之不顺归咎于「祸神」似乎理所当然。但是好好想想吧，倘若意志足够强大，信念足够坚定…万劫太过久远，凶星恶曜亦能以泪涤净自身。,N/A,N/A,Material
m263,万劫之真意,5星,天赋培养素材,周常BOSS掉落70级以上永恒的守护者挑战奖励,在一切尘埃落定之后，从净土带回的小小头饰。一念则万劫尽，总有思念可以超越时间。百千万劫，「真」实之意，不知道是否传达到了。,N/A,N/A,Material
m264,熔毁之刻,5星,天赋培养素材,周常BOSS掉落70级以上女士挑战奖励,N/A,N/A,N/A,Material
m265,狱火之蝶,5星,天赋培养素材,周常BOSS掉落70级以上女士挑战奖励,战胜解放了原本力量的「女士」后，得到的某种蕴含着温暖的力量的畸形碎片。应激的冰之封印被打破，过往的意志冲破苍白的囚牢，她再度想起自己原本的名字时，不死蝶会随着血肉焚毁一同逸散飞舞。而她也想起了漫游大地，散布烈焰，烧尽一切罪恶的过去，以及自己未能再见的那个人的面貌。,N/A,N/A,Material
m266,灰烬之心,5星,天赋培养素材,周常BOSS掉落70级以上女士挑战奖励,N/A,N/A,N/A,Material
m267,鸣神御灵的勇武,5星,武器突破素材,秘境获得合成获得砂流之庭炼武秘境:砂之祭场 Ⅳ（砂流之庭限时开启）时间：周二/周五/周日,N/A,N/A,"飞雷之弦振
 赤角石溃杵
 波乱月白经津
 破魔之弓
 桂木斩长正
 掠食者
 曚云之月
 东花坊时雨",Material
m268,今昔剧画之鬼人,5星,武器突破素材,秘境获得合成获得砂流之庭炼武秘境:流沙之葬 Ⅳ（砂流之庭限时开启）时间：周三/周六/周日,赋予武器突破之力的材料。背上「雷之三重巴」的纹样时名为「千代」的鬼族女武者，面对漆黑的军势时，曾被虎躯蛇尾的世外之兽吞下。最后她撕开魔兽的胸腔，得以幸存。这是「虎啮的千代」之名的来由。在此后的岁月中，这一名号渐渐简化为「虎千代」。但在深邃之兽的腹中，她染上了深罪的黯色，也透过猩红的利齿看见同行者被撕碎。沉湎于漆黑景色的她最终向御建鸣神主尊拔剑；后来，她持刀之臂与尖角被斩落，如同负伤的野兽般从城中逃向林野；再后来似乎是被天狗，或是终末番，或是山中修行的岩藏之胤当成不认得的怪物，收拾掉了罢，因为她俊美的容貌已经因为漆黑的仇恨与负伤痛苦变得狰狞扭曲。抑或是遇见了大蛇遗骸附近的鬼面执剑人形，故此结束了命运的旅途。昔日曾与渊薮战斗者难免梦见漆黑的剧画。曾与魔兽厮杀又沦为当中一员者亦不在少数。世界的边缘正在变得稀薄而脆弱，这种侵蚀或许并非是单向的。,N/A,"薙草之稻光
 冬极白星
 神乐之真意
 喜多院十文字
 「渔获」
 断浪长鳍
 笼钓瓶一心",Material
m269,远海夷地的金枝,5星,武器突破素材,秘境获得合成获得砂流之庭炼武秘境:沉砂之渊 Ⅳ（砂流之庭限时开启）时间：周一/周四/周日,N/A,N/A,"雾切之回光
 不灭月华
 有乐御簾切
 天目影打刀
 白辰之环
 恶王丸
 证誓之明瞳",Material
m270,鎏金之鳞,5星,天赋培养素材,周常BOSS掉落70级以上若陀龙王挑战奖励,N/A,N/A,N/A,Material
m271,血玉之枝,5星,天赋培养素材,周常BOSS掉落70级以上若陀龙王挑战奖励,N/A,N/A,N/A,Material
m272,龙王之冕,5星,天赋培养素材,周常BOSS掉落70级以上若陀龙王挑战奖励,千年刚玉凝成的结晶之角，乃是「龙王」的天生冠冕。注之以精魄，塑之以顽岩。它自山涧而生，在群岩的国土彰示天地的威权，而黄金般的长角则是它在过去与某位君王分庭抗礼的标志。曾一度裂折失色，如今却在你的手中闪烁着冰冷的黄金光泽。,N/A,N/A,Material
m273,魔王之刃·残片,5星,天赋培养素材,周常BOSS掉落70级以上黄金屋挑战奖励,N/A,N/A,N/A,Material
m274,谧林涓露的金符,5星,武器突破素材,秘境获得合成获得有顶塔炼武秘境:云垢 Ⅳ（有顶塔限时开启）时间：周一/周四/周日,赋予武器突破之力的材料。「为人只有三物值得相顾：怀抱月光的泉水、生命的绿色，与不老的容颜…」「智慧」的本质并不在于掌控一切思维，谋取一切利益，而在于其能够令平凡的生命最终也获得超越桎梏的自由。尽管密林中不再回荡着摄人心魄的虎啸，坚强的卫士也退隐孩童的梦中…在秘密的黄金封印都被揭开，所有的梦想在月光下如琥珀闪闪发亮的那一夜，或许她与她所深爱的凡人们将会赢得真正的自由。,N/A,"圣显之钥
 裁叶萃光
 原木刀
 森林王器
 西福斯的月光
 鹮穿之喙
 沙中伟贤的对答",Material
m275,吞天之鲸·只角,5星,天赋培养素材,周常BOSS掉落70级以上黄金屋挑战奖励,"战胜解放了邪眼之力的「公子」后，取来的水鲸之角。
传说中，命之座的图形反映着人的气质。而巡弋漆黑夜空的星辰之鲸，恐怕映照出的是粉碎一切、吞噬一切的狂傲理念吧…而接受了这一面的他，欣然唤出灭世的水之鲸，投身与你的战斗。",N/A,N/A,Material
m276,北风的魂匣,5星,天赋培养素材,周常BOSS掉落70级以上北风狼挑战奖励,"从北风的伟大王狼之灵处，取来的些许力量。
这片大地上曾经北风呼啸，呼气凝霜。但它在最终终于明白，酷烈的北风只能熄灭生命，不能滋养生命。在生命的末尾，它让自己的力量流入这片大地，永远守护大地与大地的住民。",N/A,N/A,Material
m277,北风之环,5星,天赋培养素材,周常BOSS掉落70级以上北风狼挑战奖励,"从北风的伟大王狼身上，取来的些许凝冰。
这片大地曾经北风呼啸，呼气凝霜。如砂砾的冰与雪在寒风中嚣叫，飞舞着将肌肤撕裂，让血液凝结。如今的北风王狼力量虽然不如往昔，却仍有能将
大地冰封的力量。",N/A,N/A,Material
m278,北风之尾,5星,天赋培养素材,周常BOSS掉落70级以上北风狼挑战奖励,N/A,N/A,N/A,Material
m279,东风的吐息,5星,天赋培养素材,周常BOSS掉落70级以上风魔龙挑战奖励,"从蒙德的东风之主唤起的狂风中，采来的些许力量。
它的身躯是优美而通透的，信风与龙卷都愿为它效力。只要乘风而行，风就是它的同伴、它的歌声与它的自由。
而它的敌人，就是—千种名字各异的风的敌人。",N/A,N/A,Material
m280,智识之冕,5星,角色天赋素材,版本活动奖励供奉忍冬之树至11级获取供奉神樱大树，梦之树和露景泉至5级，15级，25级，35级和45级获取强化流明石触媒至4级获取提升玉珑至3级获取首次通过幻想真境剧诗第10幕获取星辉兑换，每月限兑一个,提升天赋所需要的珍贵素材。远古时期，承载与传授智识所用的仪式器具。尽管如此，智慧居于言语及典籍中，但「智识之冕」中残存的力量与智慧仍能给如今的人们带来伟大的突破吧。,N/A,N/A,Material
m281,净水之心,4星,角色培养素材,BOSS掉落30级以上纯水精灵掉落,"纯水精灵留下的永远透彻的一掬水。即使溶在了湖泊中,它的纯净也不会被稀释吧。但高洁如此的纯水精灵，又是为何渴望着地上生灵的模样，以净水模拟成生物的姿态呢，即使不需要呼吸、也不需要进食…",N/A,N/A,Material
m282,东风之翎,5星,天赋培养素材,周常BOSS掉落70级以上风魔龙挑战奖励,"从蒙德的东风之主身上,取下的一枚翎羽。
那是经历了千年之风的龙之羽。追求自由的本心使它几乎唤起轻风,好逃离现今的桎梏;但它的旧主对你的赏识,使它留在了你的掌心里。",N/A,N/A,Material
m283,钩钩果,1星,蒙德区域特产,野外采集奔狼领采集(采集帮助：采集视频，采集专栏)风起地克罗丽丝处购买（每三天5个）,带着勾刺的莓果，会挂在狼的毛皮上来迁徙。看见它时，仿佛能听见狼的凄嚎在林间回荡…钩钩果能入药，可以治疗病痛。虽然本身也会为不小心的人或走兽带来伤痛就是了…,假日果酿,N/A,Material
