WeaponID,name,variety,rarity,baseProperty1,baseProperty2,intro,skillname,obtain,tag,LABEL
w0,岩峰巡歌,单手剑,★★★★★,攻击力 44-542,防御力% 18.0%-82.7%,N/A,不凋的盛年,限定祈愿,防御力、伤害加成、层数叠加,Weapon
w1,猎人之径,弓,★★★★★,攻击力 44-542,暴击率 9.6%-44.1%,N/A,兽径的终点,限定祈愿,元素伤害、重击、技能倍率,Weapon
w2,柔灯挽歌,长柄武器,★★★★★,攻击力 46-608,暴击率 7.2%-33.1%,装饰着苍水晶的华美长枪，据说曾是某位传奇决斗代理人终生珍藏却从未使用过的武器。,白晓的序曲,限定祈愿,能量回复、伤害加成、攻击力,Weapon
w3,山王长牙,双手剑,★★★★★,攻击力 49-741,暴击率 2.4%-11.0%,由纯然的绿松石锻造而成的巨剑，因其远超一般兵刃的重量而被冠以「山王」康加玛托之名。,绿松石之狩,限定祈愿,层数叠加、元素战技、元素爆发、伤害加成、元素反应,Weapon
w4,赤沙之杖,长柄武器,★★★★★,攻击力 44-542,暴击率 9.6%-44.1%,黑曜石塑造的一对的权杖中的一件。在传说中，具有引领沙之民的权威，但如今已经没有能辨别出这件王器形象的臣子了。,蜃气尽头的热梦,限定祈愿,攻击力、层数叠加,Weapon
w5,白雨心弦,弓,★★★★★,攻击力 44-542,生命值 14.4%-66.2%,N/A,德吕阿的夜曲,限定祈愿,生命值、层数叠加、暴击率,Weapon
w6,冲浪时光,法器,★★★★★,攻击力 44-542,暴击伤害 19.2%-88.2%,原本预订发放给「第一届全部族冲浪竞速锦标赛」冠军的纪念品。鉴于赛事目前尚处于筹备阶段，奖品便被临时寄存在了「悠游豚豚」内，由店主代为保管。,水色回忆,限定祈愿,生命值、普通攻击、层数叠加、伤害加成,Weapon
w7,赦罪,单手剑,★★★★★,攻击力 48-674,暴击伤害 9.6%-44.1%,曾经弃绝一切的骗徒使用过的刺剑，过去主要是他伪装身份活动时用的道具。,死之契,限定祈愿,暴击伤害、伤害加成、层数叠加,Weapon
w8,圣显之钥,单手剑,★★★★★,攻击力 44-542,生命值 14.4%-66.2%,黑曜石塑造的一对的权杖中的一件。在传说中，隐藏在沙海尽头的乐园门扉是由这柄密钥开启的。,沉入沙海的史诗,限定祈愿,生命值、元素精通、群体辅助,Weapon
w9,千夜浮梦,法器,★★★★★,攻击力 44-542,元素精通 58-265,浮映千夜之梦的灯盏，苍翠的光中流溢着遥世的歌。,千夜的曙歌,限定祈愿,元素精通、元素伤害、效果叠加、群体辅助、对象限制,Weapon
w10,图莱杜拉的回忆,法器,★★★★★,攻击力 48-674,暴击伤害 9.6%-44.1%,深蓝宝石与纯银雕成的铃铛，回响之声清脆悠远。,堙没的蓝宝石泪滴,限定祈愿,攻击速度、普通攻击、伤害加成,Weapon
w11,苇海信标,双手剑,★★★★★,攻击力 46-608,暴击率 7.2%-33.1%,造型古旧的平头大剑，似乎曾是王器与某种仪式用的武器。,沙海守望,限定祈愿,攻击力、生命值、自身限制,Weapon
w12,最初的大魔术,弓,★★★★★,攻击力 46-608,暴击伤害 14.4%-66.2%,过去的「大魔术师」曾经使用的表演道具，最终揭露的秘密是它其实也是不俗的武器。,伟大者帕西法尔,限定祈愿,攻击力、重击、移动速度、队伍限制,Weapon
w13,裁叶萃光,单手剑,★★★★★,攻击力 44-542,暴击伤害 19.2%-88.2%,N/A,白月枝芒,限定祈愿,暴击率、技能倍率、普通攻击、元素战技,Weapon
w14,碧落之珑,法器,★★★★★,攻击力 46-608,生命值 10.8％-49.6％,由碧色美玉雕成的礼器，放射着天空与碧水的光泽。,定土玉圭,限定祈愿,能量回复、伤害加成,Weapon
w15,钺矛,长柄武器,★★★,攻击力 40-448,攻击力% 5.1%-23.5%,在矛上增加斧刃的兵器，有不俗的破坏力。是千岩军军官青睐的武器。,沉重,宝箱,额外伤害,Weapon
w16,黑缨枪,长柄武器,★★★,攻击力 38-354,生命值 10.2%-46.9%,解决了白缨容易弄脏问题的绝世好枪。,克柔,祈愿、与NPC乌尔班对话获得,对象限制、伤害加成,Weapon
w17,白缨枪,长柄武器,★★★,攻击力 39-401,暴击率 5.1%-23.4%,N/A,锐利,宝箱、（璃月区域宝箱）,普通攻击,Weapon
w18,异世界行记,法器,★★★,攻击力 39-401,元素充能效率 8.5%-39.0%,廉价的幻想小说，不具备参考价值。作为法器的力量当然也来自幻想。,能量沐浴,宝箱、（蒙德区域宝箱）,生命恢复,Weapon
w19,甲级宝珏,法器,★★★,攻击力 40-448,暴击率 3.4%-15.6%,两块玉石拼成的精致玉佩。,奔袭战术,宝箱、（璃月区域宝箱）,攻击力、移动速度,Weapon
w20,讨龙英杰谭,法器,★★★,攻击力 39-401,生命值 7.7%-35.2%,五名英雄踏上屠龙征途的虚构故事。文笔很差，结构散乱。失败的教训是这本书所拥有的伟大力量。,传承,祈愿,攻击力、单人辅助,Weapon
w21,魔导绪论,法器,★★★,攻击力 38-354,元素精通 41-187,第十二版。结合时代发展加注了新内容，并修订了第十一版的错别字。,止水息雷,祈愿,水、雷、伤害加成,Weapon
w22,反曲弓,弓,★★★,攻击力 38-354,生命值 10.2%-46.9%,据说能射下苍鹰的猎弓，但能不能做到主要还得看弓手的技术。,收割,宝箱、对话、与稻妻离岛港口中野对话、与须弥化城郭池边的希琳对话,生命回复、对象限制,Weapon
w23,翡玉法球,法器,★★★,攻击力 40-448,元素精通 20-94,由璃月北郊绝云间出产的硬玉雕琢而成的法器。小巧轻盈，经久耐用，江湖人称「翡玉丸」。,激流,祈愿,元素反应、攻击力、水,Weapon
w24,信使,弓,★★★,攻击力 40-448,暴击伤害 6.8%-31.2%,造型简单的木制弓。传说它曾被人用作远程通讯的道具。,飞矢传书,宝箱、（璃月区域宝箱）,对象限制、额外伤害,Weapon
w25,神射手之誓,弓,★★★,攻击力 39-401,暴击伤害 10.2%-46.9%,据说曾属于技艺高强的射手，是一把上好的弓。因为散发出强烈的气息，难以用于狩猎。,精准,祈愿,对象限制、伤害加成,Weapon
w26,弹弓,弓,★★★,攻击力 38-354,暴击率 6.8%-31.2%,N/A,弹弓,祈愿,伤害加成、负面效果,Weapon
w27,鸦羽弓,弓,★★★,攻击力 40-448,元素精通 20-94,相传渡鸦是死的使者。将鸦羽装饰在弓臂上，射出的每一箭都宣告着猎物的终末。,踏火止水,祈愿,火、水、伤害加成,Weapon
w28,以理服人,双手剑,★★★,攻击力 39-401,攻击力% 7.7%-35.2%,精钢打造的趁手大铁棒子，最好的理论依据。,有话直说,祈愿,额外伤害,Weapon
w29,铁影阔剑,双手剑,★★★,攻击力 39-401,生命值 7.7%-35.2%,这把剑是著名的光之狮艾伦德林的佩剑的仿品。握紧它，感受传说中大英雄的力量吧！注意：幻想请适度。,不屈,祈愿,自身限制、重击,Weapon
w30,飞天大御剑,双手剑,★★★,攻击力 39-401,物理伤害加成 9.6%-43.9%,可靠的大剑。传说著名的「御剑公子」曾试图借助它二度飞天。,勇气,宝箱、（璃月区域宝箱）、孤云阁附近拔出,攻击力、层数叠加,Weapon
w31,白铁大剑,双手剑,★★★,攻击力 39-401,防御力 9.6%-43.9%,N/A,收割,宝箱、宝箱（蒙德）,生命回复、对象限制,Weapon
w32,沐浴龙血的剑,双手剑,★★★,攻击力 38-354,元素精通 41-187,据说是北方英雄浸过龙血的钢铁大剑，有刀枪不入的神力...这种护佑并不会延伸到挥舞它的人身上。,踏火息雷,祈愿,火、雷、伤害加成,Weapon
w33,旅行剑,单手剑,★★★,攻击力 40-448,防御力 6.4%-29.3%,趁手的钢剑，剑柄里藏着剪子、放大镜、火绒等方便旅行的小物件。,旅程,宝箱,生命回复,Weapon
w34,金流监督,法器,★★★★★,攻击力 48-674,暴击率 4.8%-22.1%,能够监控特定现象的悬浮仪器，废弃后被拾获者重新改造为其他用途。,黄金的血潮,限定祈愿,攻击力、普通攻击、重击、层数叠加、攻击速度,Weapon
w35,吃虎鱼刀,单手剑,★★★,攻击力 39-401,攻击力% 7.7%-35.2%,用来剖鱼的锋利铁刀，刀身狭长，非常锋利。,决,宝箱、与稻妻铁匠铺处的天目十五对话获得,额外伤害,Weapon
w36,黎明神剑,单手剑,★★★,攻击力 39-401,暴击伤害 10.2%-46.9%,一把曾经耀若朝阳的宝剑，掌握它的人会获得「自我感觉良好」的力量加持。剑身上的发光材料已经褪去。,激励,祈愿、任务（凯亚传说任务）,暴击率、自身限制,Weapon
w37,飞天御剑,单手剑,★★★,攻击力 38-354,元素充能效率 11.3%-52.1%,可靠的钢剑，传说著名的「御剑公子」曾试图借助它飞天。,决心,祈愿、对话、与绝云间到到庆云顶之间的亭子下的判官儿对话,攻击力、移动速度,Weapon
w38,暗铁剑,单手剑,★★★,攻击力 39-401,元素精通 31-141,其实就是稍微有些黑的铁剑。,过载,与璃月港快刀陈对话；沉玉谷·上谷中在王山厅·秘阁中的宝箱中获得（全图仅两把，建议收藏）,元素反应、攻击力、雷,Weapon
w39,流月针,长柄武器,★★★★,攻击力 44-565,物理伤害加成 7.5%-34.5%,枪尖狭长，尾部分出半月刀刃的异国兵器，经由商路流落到璃月。稍事练习掌握，便有极其出众的杀伤力。,注能之针,锻造,额外伤害、自身限制,Weapon
w40,冷刃,单手剑,★★★,攻击力 39-401,攻击力% 7.7%-35.2%,多层锻打的精钢铸就的可靠兵器，曾见证旧主诸多冒险奇谭。,止水融冰,祈愿,水、冰、伤害加成,Weapon
w41,西风长枪,长柄武器,★★★★,攻击力 44-565,元素充能效率 6.7%-30.6%,西风骑士团的制式长枪。枪杆直挺，枪尖轻风流溢。,顺风而行,祈愿,能量回复、自身限制,Weapon
w42,宗室猎枪,长柄武器,★★★★,攻击力 44-565,攻击力% 6.0%-27.6%,N/A,专注,商城兑换,暴击率、层数叠加,Weapon
w43,匣里灭辰,长柄武器,★★★★,攻击力 41-454,元素精通 48-221,N/A,踏火止水,祈愿,伤害加成、水、火,Weapon
w44,黑岩刺枪,长柄武器,★★★★,攻击力 42-510,暴击伤害 12.0%-55.1%,以黑岩与陨铁铸成的兵器，玄锋清凛的光泽中仿佛隐隐可见血色。,乘胜追击,商城兑换,对象限制、层数叠加,Weapon
w45,决斗之枪,长柄武器,★★★★,攻击力 41-454,暴击率 8.0%-36.8%,N/A,角斗士,纪行,对象限制、攻击力、防御力,Weapon
w46,西风秘典,法器,★★★★,攻击力 42-510,元素充能效率 10.0%-45.9%,西风骑士团的学者间流传的秘典，记载着元素与物质的道理和力量。,顺风而行,祈愿,能量回复、自身限制,Weapon
w47,试作金珀,法器,★★★★,攻击力 42-510,生命值 9.0%-41.3%,黑岩厂中秘藏的金珀法器。其中黯黯绽放着日月星光。,炊金,锻造,能量回复、生命回复,Weapon
w48,昭心,法器,★★★★,攻击力 41-454,攻击力% 12.0%-55.1%,幽暗的琉璃宝珠，传说中拥有洞察人心清白的力量。,回响,祈愿,额外伤害,Weapon
w49,宗室秘法录,法器,★★★★,攻击力 44-565,攻击力% 6.0%-27.6%,属于曾支配蒙德的贵族麾下的宫廷魔导师，其中记载的史话与法术同样翔实。,专注,商城兑换,暴击率、层数叠加,Weapon
w50,黑岩绯玉,法器,★★★★,攻击力 42-510,暴击伤害 12.0%-55.1%,N/A,乘胜追击,商城兑换,对象限制、层数叠加,Weapon
w51,匣里日月,法器,★★★★,攻击力 42-510,暴击率 6.0%-27.6%,材质难解的暗金宝珠，饱含日月天地的光辉，脉动着温暖的力量。,日月辉,纪行,元素战技、元素爆发、普通攻击,Weapon
w52,祭礼残章,法器,★★★★,攻击力 41-454,元素精通 48-221,N/A,气定神闲,祈愿,元素战技,Weapon
w53,万国诸海图谱,法器,★★★★,攻击力 44-565,元素精通 24-110,详尽记载了大陆周边海流气候的海图，是从异国经由商路流落到璃月的奇异典籍。,注能之卷,锻造、「星之归还」第二期,元素伤害、层数叠加,Weapon
w54,西风猎弓,弓,★★★★,攻击力 41-454,元素充能效率 13.3%-61.3%,西风骑士团的制式反曲弓，只有杰出的弓手能与它的杰出性能相衬。,顺风而行,祈愿、任务巨龙与自由之歌,能量回复、自身限制,Weapon
w55,流浪乐章,法器,★★★★,攻击力 42-510,暴击伤害 12.0%-55.1%,记载着歌谱的厚重记事簿。尽管遭受了虫蛀和风化，残留的手迹仍透露出力量。,登场乐,祈愿,攻击力、元素伤害、元素精通,Weapon
w56,弓藏,弓,★★★★,攻击力 42-510,攻击力% 9.0%-41.3%,布满锈迹的铁造大弓，一般人根本拿不动，遑论引弓放矢。,速射弓斗,祈愿,普通攻击、负面效果、重击,Weapon
w57,苍翠猎弓,弓,★★★★,攻击力 42-510,暴击率 6.0%-27.6%,高洁的青绿猎弓，曾属于在林间狩猎的某人。,苍翠之风,纪行,额外伤害、控制,Weapon
w58,宗室长弓,弓,★★★★,攻击力 42-510,攻击力% 9.0%-41.3%,曾支配蒙德的旧日贵族的长弓。经过世代，弓弦仍十分有力，击发迅猛。,专注,商城兑换,暴击率、层数叠加,Weapon
w59,钢轮弓,弓,★★★★,攻击力 41-454,物理伤害加成 15.0%-69.0%,以金属制成，用滑轮引弦的复合弓，来自异国。护养极其困难，但引弓轻松，威力惊人。,注能之矢,锻造,攻击力、攻击速度、攻击速度（普通攻击、重击）、层数叠加,Weapon
w60,黑岩战弓,弓,★★★★,攻击力 44-565,暴击伤害 8.0%-36.8%,N/A,乘胜追击,商城兑换,对象限制、层数叠加,Weapon
w61,绝弦,弓,★★★★,攻击力 42-510,元素精通 36-165,曾经作为乐器大放异彩的弓。如今已经不再能令人起舞。,无矢之歌,祈愿,元素战技、元素爆发,Weapon
w62,试作古华,双手剑,★★★★,攻击力 44-565,攻击力% 6.0%-27.6%,黑岩厂中秘藏的古老大刀。挥舞时，仿佛连空间本身也要被一刀两断。,粉碎,锻造,额外伤害,Weapon
w63,试作澹月,弓,★★★★,攻击力 42-510,攻击力% 9.0%-41.3%,黑岩厂中秘藏的原型长弓。放矢之姿有如透过薄暮的月光。,离簇不归,锻造,攻击力、移动速度、对象限制,Weapon
w64,西风大剑,双手剑,★★★★,攻击力 41-454,元素充能效率 13.3%-61.3%,西风骑士团的重型仪式剑。能轻易导出元素力量，具有卓越的破坏力。,顺风而行,祈愿,能量回复、自身限制,Weapon
w65,宗室大剑,双手剑,★★★★,攻击力 44-565,攻击力% 6%-27.6%,曾支配蒙德的旧日贵族的大剑，用料极佳，历久犹弥新。是贵族的战斗兵器。,专注,商城兑换,暴击率、层数叠加,Weapon
w66,祭礼弓,弓,★★★★,攻击力 44-565,元素充能效率 6.7%-30.6%,在漫长岁月中石化的道具猎弓，上面的仪式性装饰依然清晰可见。拥有受时间之风冲刷的祝福力量。,气定神闲,祈愿,元素战技,Weapon
w67,白影剑,双手剑,★★★★,攻击力 42-510,防御力 11.3%-51.7%,剑身上有一面未开刃的异国大剑，经商路流落到璃月。在了解它的人手里，破坏力极可观。,注能之锋,锻造,防御力、攻击力、层数叠加,Weapon
w68,试作星镰,长柄武器,★★★★,攻击力 42-510,元素充能效率 10.0%-45.9%,黑岩厂中秘藏的古老钩枪。锋芒上的点点闪光有如夜空稀星。,嗜魔,锻造,层数叠加、普通攻击、重击,Weapon
w69,祭礼大剑,双手剑,★★★★,攻击力 44-565,元素充能效率 6.7%-30.6%,在漫长岁月中石化的道具大剑，上面的仪式性装饰依然清晰可见。拥有受时间之风冲刷的祝福力量。,气定神闲,祈愿,元素战技,Weapon
w70,黑岩斩刀,双手剑,★★★★,攻击力 42-510,暴击伤害 12.0%-55.1%,N/A,乘胜追击,商城兑换,对象限制、层数叠加,Weapon
w71,雨裁,双手剑,★★★★,攻击力 42-510,元素精通 36-165,N/A,止水息雷,祈愿,伤害加成、水、雷,Weapon
w72,钟剑,双手剑,★★★★,攻击力 42-510,生命值 9.0%-41.3%,装有时钟的厚重大剑，其中的计时机关早已被破坏。,叛逆的守护者,祈愿,护盾、护盾庇护、伤害加成,Weapon
w73,西风剑,单手剑,★★★★,攻击力 41-454,元素充能效率 13.3%-61.3%,西风骑士团的制式长剑。轻快锐利之余，也能轻易导出元素力量。,顺风而行,祈愿,能量回复、自身限制,Weapon
w74,螭骨剑,双手剑,★★★★,攻击力 42-510,暴击率 6.0%-27.6%,来自古代大海的稀有兵器，舞剑猎猎宛如太古的涛声。,破浪,纪行,层数叠加、伤害加成、负面效果,Weapon
w75,黑剑,单手剑,★★★★,攻击力 42-510,暴击率 6.0%-27.6%,渴求着纷争与砍杀的漆黑长剑，据说会让人沉醉在浴血厮杀的亢奋中。,「正义」,纪行,普通攻击、重击、生命回复、暴击率,Weapon
w76,降临之剑,单手剑,★★★★,攻击力 39-440,攻击力% 7.7%-35.2%,造型独特的剑。看起来并不属于这个世界。,降世,“PlayStation Network”的玩家特典奖励,额外伤害、自身限制、攻击力,Weapon
w77,试作斩岩,单手剑,★★★★,攻击力 44-565,物理伤害加成 7.5%-34.5%,黑岩厂中秘藏的古老长剑。可挥砍断岩而刃不卷。,碎石,锻造、冒险等阶10级奖励获取、完成「星之归还」活动获取,攻击力、防御力、层数叠加,Weapon
w78,宗室长剑,单手剑,★★★★,攻击力 42-510,攻击力% 9.0%-41.3%,曾支配蒙德的旧日贵族的佩剑。做工精良，装饰与雕花彰显着挥舞者的身份。,专注,商城兑换,暴击率、层数叠加,Weapon
w79,黑岩长剑,单手剑,★★★★,攻击力 44-565,暴击伤害 8.0%-36.8%,黑岩锻造而成的长剑。玄色的剑身隐隐流露血光。,乘胜追击,商城兑换,对象限制、层数叠加,Weapon
w80,笛剑,单手剑,★★★★,攻击力 42-510,攻击力% 9.0%-41.3%,N/A,和弦,祈愿,层数叠加、额外伤害,Weapon
w81,铁蜂刺,单手剑,★★★★,攻击力 42-510,元素精通 36-165,N/A,注能之刺,锻造,伤害加成、层数叠加,Weapon
w82,匣里龙吟,单手剑,★★★★,攻击力 42-510,攻击力% 9.0%-41.3%,雕饰浮华的利刃，却丝毫不损它的柔韧与锋锐。破空之声有如龙吟。,踏火息雷,祈愿,火、雷、伤害加成,Weapon
w83,祭礼剑,单手剑,★★★★,攻击力 41-454,元素充能效率 13.3%-61.3%,在漫长岁月中石化的道具剑，上面的仪式性装饰依然清晰可见。拥有受时间之风冲刷的祝福力量。,气定神闲,祈愿,元素战技,Weapon
w84,忍冬之果,法器,★★★★,攻击力 42-510,攻击力% 9.0%-41.3%,具有某种冰冷意志的奇特果实，散发着微弱的苦涩气息。,霜葬,锻造,额外伤害、冰,Weapon
w85,龙脊长枪,长柄武器,★★★★,攻击力 41-454,物理伤害加成 15.0%-69.0%,利用龙之牙制成的长枪，有着奇异的温暖触感。,霜葬,锻造、任务,额外伤害、冰,Weapon
w86,雪葬的星银,双手剑,★★★★,攻击力 44-565,物理伤害加成 7.5%-34.5%,储存在壁画之间的古老大剑。由星银铸成，似乎拥有斩开冰雪的力量。,霜葬,锻造、任务后龙脊雪山密室内拔出,额外伤害、冰,Weapon
w87,暗巷的酒与诗,法器,★★★★,攻击力 44-565,元素充能效率 6.7%-30.6%,N/A,变化万端,限定祈愿,体力减免、攻击力,Weapon
w88,千岩长枪,长柄武器,★★★★,攻击力 44-565,攻击力% 6.0%-27.6%,N/A,千岩诀·同心,限定祈愿,攻击力、暴击率,Weapon
w89,腐殖之剑,单手剑,★★★★,攻击力 42-510,元素充能效率 10.0%-45.9%,希冀着生命的诡谲直剑，附有连龙也能侵蚀的腐殖之毒。,无尽的渴慕,活动、1.2版本活动「白垩与黑龙」活动限定武器,元素战技、暴击率,Weapon
w90,千岩古剑,双手剑,★★★★,攻击力 42-510,攻击力% 9%-41.3%,以璃月的基岩为原料削凿成的厚重大剑。,千岩诀·同心,限定祈愿,攻击力、暴击率,Weapon
w91,风花之颂,弓,★★★★,攻击力 42-510,元素精通 36-165,N/A,风花之愿,活动、1.4版本活动「风花的邀约」活动限定武器,攻击力,Weapon
w92,暗巷猎手,弓,★★★★,攻击力 44-565,攻击力% 6.0%-27.6%,外形精巧奢华的长弓，曾属于某位从未被抓获的义贼。,街巷伏击,限定祈愿,伤害加成、自身限制,Weapon
w93,暗巷闪光,单手剑,★★★★,攻击力 45-620,元素精通 12-55,有着黑夜颜色的笔直长剑，曾属于穿行于暗巷的盗贼。,街巷游侠,限定祈愿,伤害加成,Weapon
w94,嘟嘟可故事集,法器,★★★★,攻击力 41-454,攻击力% 12.0%-55.1%,N/A,嘟嘟！大冒险,活动、1.6版本活动「盛夏！海岛？大冒险！」活动限定武器,重击、攻击力,Weapon
w95,幽夜华尔兹,弓,★★★★,攻击力 42-510,物理伤害加成 11.3%-51.7%,有着如同罪与幻想之夜一般颜色的弓。,极夜二重奏,限定祈愿,普通攻击、元素战技,Weapon
w96,喜多院十文字,长柄武器,★★★★,攻击力 44-565,元素精通 24-110,曾经在八酝岛守望「祟神」的枪法名士所用的特殊长枪。,名士振舞,锻造、完成远吕羽氏遗事可获得锻造图纸,元素战技、能量回复、后台,Weapon
w97,桂木斩长正,双手剑,★★★★,攻击力 42-510,元素充能效率 10%-45.9%,过去在踏鞴砂打造的刀，沉重而坚韧。,名士振舞,锻造、踏鞴沙防护罩解除（踏鞴物语任务相关）后搜集三把钥匙,能量回复,Weapon
w98,白辰之环,法器,★★★★,攻击力 44-565,元素充能效率 6.7%-30.6%,N/A,樱之斋宫,锻造、完成「影向祓行」可获得锻造图纸附有记忆的面具,元素伤害、元素反应、雷,Weapon
w99,破魔之弓,弓,★★★★,攻击力 41-454,攻击力% 12.0%-55.1%,曾经属于某个巫女浅濑响的战弓。以优越的技法打造，精巧而耐用。,浅濑之弭,N/A,普通攻击、重击、自身限制,Weapon
w100,天目影打刀,单手剑,★★★★,攻击力 41-454,攻击力% 12.0%-55.1%,传说中连以神速见长的天狗都能斩落的名士订制的刀。,岩藏之胤,锻造、完成农民的宝藏的任务获得锻造图纸,能量回复,Weapon
w101,「渔获」,长柄武器,★★★★,攻击力 42-510,元素充能效率 10%-45.9%,在久远的过去，曾经闻名稻妻的大盗爱用的枪。,船歌,NPC商店、稻妻钓鱼协会兑换,元素爆发、暴击率,Weapon
w102,衔珠海皇,双手剑,★★★★,攻击力 41-454,攻击力% 12%-55.1%,海中的大王。经过风干，是称手的兵器以及应急食品。,海洋的胜利,活动、2.1版本活动「韶光抚月」活动限定武器,元素爆发、额外伤害,Weapon
w103,断浪长鳍,长柄武器,★★★★,攻击力 45-620,攻击力% 3.0%-13.8%,以海渊之下的闪亮材质打造而成的薙刀，一度曾为天狗一族所有。,驭浪的海祇民,限定祈愿,元素爆发,Weapon
w104,辰砂之纺锤,单手剑,★★★★,攻击力 41-454,防御力 15.0%-69.0%,由不似这个世界的物质制成的剑，其中的力量就连侵蚀龙的腐殖之毒也能抵御住吧。,无垢之心,活动、2.3版本活动「皑尘与雪影」活动限定武器,元素战技、技能倍率,Weapon
w105,掠食者,弓,★★★★,攻击力 42-510,攻击力% 9.0%-41.3%,设计风格相当独特的弓。应该不属于这个世界。,强力攻击,2.1版本更新完后，旅行者通过PlayStation平台登录游戏，可在冒险等阶达到20级后，通过游戏内邮件免费获得该武器,自身限制、攻击力、层数叠加、普通攻击、重击,Weapon
w106,恶王丸,双手剑,★★★★,攻击力 42-510,攻击力% 9.0%-41.3%,传说中「恶王」的爱刀，刀身庞大雄伟，但挥舞起来却出乎意料地轻便。,驭浪的海祇民,限定祈愿,元素爆发,Weapon
w107,曚云之月,弓,★★★★,攻击力 44-565,攻击力% 6.0%-27.6%,出自螺钿与珊瑚的精美战弓，月色的弓臂上流动着凄然的光彩。,驭浪的海祇民,限定祈愿,元素爆发,Weapon
w108,证誓之明瞳,法器,★★★★,攻击力 44-565,攻击力% 6.0%-27.6%,大日御舆收藏的白夜国之宝。蛇神到来后，渊下宫用以公证大誓与大愿的宝物。,微光的海渊民,活动、2.5版本活动「三界路飨祭」活动限定武器,元素充能效率,Weapon
w109,落霞,弓,★★★★,攻击力 44-565,元素充能效率 6.7%-30.6%,以白金精制而成的宝弓，其上镶嵌着霞光闪烁的宝珠。,渊中霞彩,活动、2.7版本活动「危途疑踪」活动限定武器,伤害加成,Weapon
w110,笼钓瓶一心,单手剑,★★★★,攻击力 42-510,攻击力% 9.0%-41.3%,N/A,澄澄一心传,任务、枫红之章·第一幕「陌野不识故人」,额外伤害、攻击力,Weapon
w111,贯月矢,长柄武器,★★★★,攻击力 44-565,元素精通 24-110,从兰那罗的故事中得到的武器。形制如同巨大的箭矢，能够作为枪矛使用。,幽林月影,锻造,攻击力、元素反应,Weapon
w112,竭泽,弓,★★★★,攻击力 42-510,元素充能效率 10%-45.9%,似乎是如今已经绝种的鱼。身躯富有弹性，系上绳索后能充当弓使用。,网破,NPC商店、须弥钓鱼协会兑换,额外伤害,Weapon
w113,王下近侍,弓,★★★★,攻击力 41-454,攻击力% 12.0%-55.1%,从兰那罗的故事中得到的武器。具有弓的形制，能够射落森林的敌人。,迷宫之王的教导,锻造,元素精通、额外伤害,Weapon
w114,盈满之实,法器,★★★★,攻击力 42-510,元素充能效率 10%-45.9%,从兰那罗的故事中得到的果实。其中蕴含着战胜任何危机的潜能。,圆满之相,锻造,元素反应、元素精通、层数叠加,Weapon
w115,原木刀,单手剑,★★★★,攻击力 44-565,元素充能效率 6.7%-30.6%,从兰那罗的故事中得到的武器。具有刀的形制，能够贯穿森林的敌人。,森林的瑞佑,锻造、森林书第二章「梦中的苗圃」完成「兰那罗的世界」后获得兑换物「关于你与兰那罗的故事」，接着与梦之树附近的兰随尼兑换锻造图纸,元素精通、草、元素反应,Weapon
w116,风信之锋,长柄武器,★★★★,攻击力 42-510,攻击力% 9.0%-41.3%,导示长风的标鹄。风的牧歌并不总是轻柔如初…,不至之风,活动、3.1版本活动「杯中遥吟之歌」活动限定武器,攻击力、元素精通,Weapon
w117,玛海菈的水色,双手剑,★★★★,攻击力 42-510,元素精通 36-165,一柄光泽如水的古老大剑，经过千年流沙磨洗，锋刃依然锐利异常。,沙上楼阁,限定祈愿,攻击力、群体辅助,Weapon
w118,森林王器,双手剑,★★★★,攻击力 44-565,元素充能效率 6.7%-30.6%,从兰那罗的故事中得到的武器。具有大剑的形制，能够粉碎森林的敌人。,森林的瑞佑,锻造,元素精通、元素反应,Weapon
w119,流浪的晚星,法器,★★★★,攻击力 42-510,元素精通 36-165,原本是学者用于观测与计算天象的古老仪器。具有传导力量，作为法器的能力。,林野晚星,限定祈愿,攻击力、群体辅助、层数叠加,Weapon
w120,鹮穿之喙,弓,★★★★,攻击力 44-565,攻击力% 6.0%-27.6%,以故事中的描述铸就的黄金之弓。若将它作为寻常武具使用，也可视为让纸上故事的一角在纸外的世界得到显现了吧。,秘智之眸的青睐,活动、3.7版本活动「决斗！召唤之巅！」活动限定武器,攻击力、元素精通、层数叠加、重击,Weapon
w121,东花坊时雨,单手剑,★★★★,攻击力 42-510,元素精通 36-165,稍微有些特别的油纸伞。尽管长久的旅行中已经习惯风雨，与之一同静赏的雨景或许也有其中妙趣。,怪谭·时雨心地一本足,活动、3.3版本活动「秋津森夜试胆会」活动限定武器,伤害加成,Weapon
w122,西福斯的月光,单手剑,★★★★,攻击力 42-510,元素精通 36-165,闪着月色光彩的古老双刃剑。据说其中寄寓着如今已经沉默的镇灵。,镇灵的低语,限定祈愿,元素充能效率、群体辅助,Weapon
w123,峡湾长歌,长柄武器,★★★★,攻击力 42-510,暴击率 6.0%-27.6%,在冰原捕鱼的人会使用的长枪，绝对不会放跑猎物。,冰原的诸多故事,纪行,元素精通、队伍限制,Weapon
w124,遗祀玉珑,法器,★★★★,攻击力 41-454,暴击率 8.0%-36.8%,一枚古老的玉珑，闪烁着清水般的光泽，似乎是古代的祭祀用品。,碧玉流转,纪行,自身限制、生命值、元素精通,Weapon
w125,公义的酬报,长柄武器,★★★★,攻击力 44-565,生命值 6.0%-27.6%,一柄锋利的长枪，仅在枪尖处留有点滴沾染鲜血的残痕。,枪尖一点,锻造,能量回复,Weapon
w126,饰铁之花,双手剑,★★★★,攻击力 44-565,元素精通 24-110,造型优雅利落的大剑，其上装饰节庆的鲜花与缎带。,风与花的密语,活动、3.5版本活动「风花的呼吸」活动限定武器,攻击力、元素精通,Weapon
w127,纯水流华,法器,★★★★,攻击力 44-565,攻击力% 6%-27.6%,造型奇特的剧本集，其中收录了科培琉司创作的所有剧本。,未完的杰作,锻造,元素伤害,Weapon
w128,烈阳之嗣,弓,★★★★,攻击力 44-565,暴击率 4.0%-18.4%,赤王国度的古老时代所留下的古代长弓，其上雕刻着不可理解的古老文字与庄严图案。,阳炎古道,纪行,额外伤害、伤害加成,Weapon
w129,浪影阔剑,双手剑,★★★★,攻击力 42-510,攻击力% 9.0%-41.3%,造型优美的枫丹旧海军的制式剑，专为将官与旗舰舰长量身打造。,巡航的白浪,锻造,攻击力,Weapon
w130,静谧之曲,弓,★★★★,攻击力 42-510,攻击力% 9.0%-41.3%,N/A,深海弦振,锻造,伤害加成,Weapon
w131,海渊终曲,单手剑,★★★★,攻击力 44-565,攻击力% 6.0%-27.6%,如神秘海渊一般沉默的长剑，比它看似所属的年代还要更加古老。,最终的崇高,锻造,攻击力,Weapon
w132,聊聊棒,双手剑,★★★★,攻击力 44-565,暴击率 4.0%-18.4%,一柄沉重的镶有黑曜石的大棒，有很强的说服力。,「伶牙俐齿」,纪行,攻击力、元素伤害、自身限制,Weapon
w133,灰河渡手,单手剑,★★★★,攻击力 42-510,元素充能效率 10.0%-45.9%,在过去曾经被当作武器使用的趁手废弃铜管，曾经在一些人当中享有盛名或是臭名昭著。,铁骨,NPC商店、枫丹钓鱼协会兑换,元素战技、暴击率、元素充能效率,Weapon
w134,勘探钻机,长柄武器,★★★★,攻击力 44-565,攻击力% 6.0%-27.6%,如今几乎绝迹的长柄钻机，常用于勘探与石料切割雕刻作业,石匠号子,限定祈愿,攻击力、元素伤害、自身限制,Weapon
w135,N/A,法器,★★★★,攻击力 44-565,元素充能效率 6.7%-30.6%,一本装帧精美的诗集，其中收录了不少有关天空、蒲公英等蒙德人偏爱的诗歌。,蔚蓝深空,活动、4.1版本活动「游水酝诗籍」活动限定武器,普通攻击、重击、层数叠加,Weapon
w136,狼牙,单手剑,★★★★,攻击力 42-510,暴击率 6.0%-27.6%,传说中，遥远过去的流浪骑士所使用的长剑。,苍狼北风,纪行,元素战技、元素爆发、伤害加成、暴击率、层数叠加,Weapon
w137,便携动力锯,双手剑,★★★★,攻击力 41-454,生命值 12%-55.1%,如今几乎绝迹的旧式动力锯，曾是深受工人信赖的切割工具。,船工号子,限定祈愿,能量回复、元素精通、自身限制,Weapon
w138,船坞长剑,单手剑,★★★★,攻击力 42-510,生命值 9.0%-41.3%,如今几乎绝迹的便利切割工具，能够随着使用将钝化的刀片换掉。,船工号子,限定祈愿,能量回复、元素精通、自身限制,Weapon
w139,测距规,弓,★★★★,攻击力 44-565,攻击力% 6.0%-27.6%,如今几乎绝迹的测量工具，具有发射箭矢的能力。,石匠号子,限定祈愿,攻击力、元素伤害、自身限制,Weapon
w140,「究极霸王超级魔剑」,双手剑,★★★★,攻击力 44-565,元素充能效率 6.7%-30.6%,N/A,加油！,活动、4.3版本活动「蔷薇与铳枪」活动限定武器,攻击力,Weapon
w141,水仙十字之剑,单手剑,★★★★,攻击力 42-510,攻击力% 9.0%-41.3%,意志与力量随故事的结束而消褪的长剑，它将要再次踏上新的旅途。其中残余着一些力量，纪念着一场宏大的梦。,勇者之剑,任务、完成「水仙的追迹」任务后获取,额外伤害,Weapon
w142,沙中伟贤的对答,长柄武器,★★★★,攻击力 42-510,生命值 9.0%-41.3%,象征炼金术荣耀的双蛇杖，因其地位特殊使用了特殊合金。刚度很高，重量很重，拿来打人也一定很疼。,均衡的原理,活动、4.5版本活动「升炼研巧万策金」活动限定武器,能量回复,Weapon
w143,筑云,弓,★★★★,攻击力 42-510,元素精通 36-165,解析昔日拱卫天衡的仙家机关后，由玉衡星委托黑岩厂锻造的实验型制式兵器。,镌岩为坊,活动、4.7版本活动「安固诸方之述演」活动限定武器,元素精通、层数叠加,Weapon
w144,虹的行迹,长柄武器,★★★★,攻击力 42-510,防御力 11.3%-51.7%,以玉石锻成的锋锐长枪，在日耀中能隐隐映出虹色的光芒。,流水与泉的约定,锻造,防御力,Weapon
w145,苍纹角杯,法器,★★★★,攻击力 42-510,生命值 9.0%-41.3%,梅兹特利传承的礼器，据说是被称作「巨人」的英杰图帕克珍爱却从未使用过的宝物。,图帕克之握,活动、5.0版本活动「绮绘的踪绪」活动限定武器,额外伤害,Weapon
w146,木棉之环,法器,★★★★,攻击力 42-510,生命值 9.0%-41.3%,昔日的双生英杰锻造的玉器，传说曾将盘踞火山的巨龙从天穹击坠。,丰沃之陆的回声,锻造,伤害加成,Weapon
w147,碎链,弓,★★★★,攻击力 44-565,攻击力% 6.0%-27.6%,装饰着玉石的长弓，弦上似乎总是缠卷着轻柔的风。传说是在更古老的时代中由龙的工匠所锻。,花与落羽的长歌,锻造,攻击力、元素精通,Weapon
w148,镇山之钉,长柄武器,★★★★,攻击力 44-565,元素充能效率 6.7%-30.6%,矿山的工匠们合力锻造的长枪，在过去是献给群山之灵的贡物。,越峰之望,限定祈愿,元素战技,Weapon
w149,弥坚骨,单手剑,★★★★,攻击力 44-565,攻击力% 6.0%-27.6%,在千万次敲打和挥舞中变得越发坚硬的骨制长剑，据传曾是英杰万杰鲁趁手的武器。,陷阵者的自矜,限定祈愿,普通攻击,Weapon
w150,息燧之笛,单手剑,★★★★,攻击力 41-454,防御力 15.0%-69.0%,造型奇特的玉石长刀，在烟谜主的传承中被称作「祭司之笛」的礼器。,镜与烟色的隐谜,锻造,防御力,Weapon
w151,撼地者,双手剑,★★★★,攻击力 44-565,攻击力% 6.0%-27.6%,人称「窃火者」的英杰爱用的重剑，据说就连烬城之王的烈火也未能将其焚断。,苍翠之路的誓言,锻造,元素战技,Weapon
w152,天空之脊,长柄武器,★★★★★,攻击力 48-674,元素充能效率 8.0%-36.8%,象征风龙坚定决心的长枪。直挺的枪杆直指天穹，蕴含苍空与长风的力量。,斫断黑翼的利齿,祈愿,暴击率、攻击速度、额外伤害,Weapon
w153,和璞鸢,长柄武器,★★★★★,攻击力 48-674,暴击率 4.8%-22.1%,魔神翡玉化作的长枪，拥有刺杀远古海兽的沉重与锋利。,昭理的鸢之枪,祈愿,层数叠加、攻击力、伤害加成,Weapon
w154,天空之卷,法器,★★★★★,攻击力 48-674,攻击力% 7.2%-33.1%,象征风龙与其主风之神的云图集。细致记载了北地天空的风与云，蕴含苍空与长风的力量。,浮游四方的灵云,祈愿,攻击力、元素伤害、额外伤害,Weapon
w155,四风原典,法器,★★★★★,攻击力 46-608,暴击率 7.2%-33.1%,N/A,无边际的眷顾,祈愿,移动速度、元素伤害、层数叠加,Weapon
w156,天空之翼,弓,★★★★★,攻击力 48-674,暴击率 4.8%-22.1%,象征风龙身为风之神眷属的大弓。释弦时的鸣声是风之神的偏爱，蕴含苍空与长风的力量。,回响长天的诗歌,祈愿,暴击伤害、额外伤害,Weapon
w157,狼的末路,双手剑,★★★★★,攻击力 46-608,攻击力% 10.8%-49.6%,狼的骑士所使的大剑。原本只是城中铁匠赠予的厚重的铁片，却在他与狼的情谊中，获得神话般的力量。,如狼般狩猎者,祈愿,攻击力、对象限制、群体辅助,Weapon
w158,阿莫斯之弓,弓,★★★★★,攻击力 46-608,攻击力% 10.8%-49.6%,N/A,矢志不忘,祈愿,普通攻击、重击、层数叠加,Weapon
w159,天空之傲,双手剑,★★★★★,攻击力 48-674,元素充能效率 8.0%-36.8%,象征风龙的骄傲广布长空的双手剑。挥舞时的低吟是风龙的气势，蕴含苍空与长风的力量。,斩裂晴空的龙脊,祈愿,伤害加成、额外伤害,Weapon
w160,天空之刃,单手剑,★★★★★,攻击力 46-608,元素充能效率 12.0%-55.1%,象征风龙的荣誉的骑士剑，如今失而复得。剑脊上吹息着风之神的赐福，蕴含着苍空与长风的力量。,穿刺高天的利齿,祈愿,暴击率、移动速度、攻击速度、额外伤害,Weapon
w161,贯虹之槊,长柄武器,★★★★★,攻击力 46-608,攻击力% 10.8%-49.6%,或许能贯穿一切的锋利长枪。挥舞当中，仿佛能见到空气被枪划破的裂痕。,金璋皇极,限定祈愿,护盾强效、攻击力、层数叠加、护盾庇护,Weapon
w162,风鹰剑,单手剑,★★★★★,攻击力 48-674,物理伤害加成 9.0%-41.3%,西风骑士团的灵魂。历经千年仍在呼唤你卷起正义之风，祓除奸邪，一如上一位挥舞此剑的女杰。,西风之鹰的抗争,祈愿,攻击力、生命回复、额外伤害,Weapon
w163,尘世之锁,法器,★★★★★,攻击力 46-608,攻击力% 10.8%-49.6%,N/A,金璋皇极,限定祈愿,攻击力、护盾强效、层数叠加、护盾庇护,Weapon
w164,N/A,双手剑,★★★★★,攻击力 46-608,攻击力% 10.8%-49.6%,N/A,金璋皇极,限定祈愿,攻击力、护盾强效、层数叠加、护盾庇护,Weapon
w165,斫峰之刃,单手剑,★★★★★,攻击力 46-608,攻击力% 10.8%-49.6%,传说中象征着某一则特定契约的利刃，曾经斩落过山岳的尖端。,金璋皇极,限定祈愿,攻击力、护盾强效、层数叠加、护盾庇护,Weapon
w166,护摩之杖,长柄武器,★★★★★,攻击力 46-608,暴击伤害 14.4%-66.2%,在早已失落的古老祭仪中，使用的朱赤「柴火杖」。,无羁的朱赤之蝶,限定祈愿,攻击力、生命值、自身限制,Weapon
w167,终末嗟叹之诗,弓,★★★★★,攻击力 46-608,元素充能效率 12.0%-55.1%,如同诗人的乐器一般优美的弓，放出的箭矢如同叹息声一般穿透人心。,别离的思念之歌,限定祈愿,元素精通、攻击力、层数叠加、群体辅助,Weapon
w168,磐岩结绿,单手剑,★★★★★,攻击力 44-542,暴击率 9.6%-44.1%,由纯净的翠玉精琢细雕而成的仪礼宝剑，挥舞时剑风中似有叹息之声。,护国的无垢之心,限定祈愿,攻击力、生命值,Weapon
w169,松籁响起之时,双手剑,★★★★★,攻击力 49-741,物理伤害加成 4.5%-20.7%,"如同翻弄草木的息吹一般轻盈的大剑,如同吹倒树木的飓风一般摧枯拉朽的武器。",揭旗的叛逆之歌,限定祈愿,攻击力、攻击速度、攻击速度（普通攻击）、群体辅助,Weapon
w170,飞雷之弦振,弓,★★★★★,攻击力 46-608,暴击伤害 14.4%-66.2%,曾由将军御赐的长弓，闪烁着永不熄灭的雷光。,飞雷御执,限定祈愿,攻击力、普通攻击、层数叠加,Weapon
w171,苍古自由之誓,单手剑,★★★★★,攻击力 46-608,元素精通 43-198,如同悠古的歌声一般苍蓝的直剑，如同风之国土自由的誓言一般锐利的武器。,抗争的践行之歌,限定祈愿,伤害加成、普通攻击、重击、下落攻击、攻击力、层数叠加、群体辅助,Weapon
w172,雾切之回光,单手剑,★★★★★,攻击力 48-674,暴击伤害 9.6%-44.1%,闪烁着凄烈紫光的太刀。名之为「回光」是因为一度破碎的过去。,雾切御腰物,限定祈愿,元素伤害、层数叠加,Weapon
w173,薙草之稻光,长柄武器,★★★★★,攻击力 46-608,元素充能效率 12.0%-55.1%,用于「斩草」的薙刀。对向此物之军势，也会如苇草般倒下吧…,非时之梦·常世灶食,限定祈愿,元素充能效率、攻击力,Weapon
w174,不灭月华,法器,★★★★★,攻击力 46-608,生命值 10.8%-49.6%,出自深海的美玉之环，闪烁着清澈如月的光泽，一如遥远往昔。,白夜皓月,限定祈愿,技能倍率、普通攻击、能量回复、治疗加成,Weapon
w175,赤角石溃杵,双手剑,★★★★★,攻击力 44-542,暴击伤害 19.2%-88.2%,依据过去的主人的说法，这是何等鬼怪精妖都能打跑的大杵「赤角石见石溃金涂金啮御狮子」。,御伽大王御伽话,限定祈愿,防御力、技能倍率,Weapon
w176,息灾,长柄武器,★★★★★,攻击力 49-741,攻击力% 3.6%-16.5%,N/A,灭却之戒法,限定祈愿,元素伤害、攻击力、层数叠加、自身限制,Weapon
w177,波乱月白经津,单手剑,★★★★★,攻击力 46-608,暴击率 7.2%-33.1%,经津传奉命锻造的名作。因其如汹涌海涛般的气度，而得「波乱」之名。,白刃流转,限定祈愿,元素伤害、普通攻击、层数叠加,Weapon
w178,神乐之真意,法器,★★★★★,攻击力 46-608,暴击伤害 14.4%-66.2%,表演神乐之舞时所用的神铃，为宫司所赐福。神樱之香萦绕其上。,神樱神游神乐舞,限定祈愿,元素战技、层数叠加、元素伤害,Weapon
w179,静水流涌之辉,单手剑,★★★★★,攻击力 44-542,暴击伤害 19.2%-88.2%,萦绕着至纯之水的权杖，在遥远的昔日曾象征着海原之上至高的权威。,湖光的朝与暮,限定祈愿,生命值、元素战技、层数叠加,Weapon
w180,万世流涌大典,法器,★★★★★,攻击力 44-542,暴击伤害 19.2%-88.2%,N/A,万世的浪涛,限定祈愿,生命值、重击、层数叠加、能量回复,Weapon
w181,若水,弓,★★★★★,攻击力 44-542,暴击伤害 19.2%-88.2%,色泽流移难测的长弓，在光下显现着如水的润蓝。,洗濯诸类之形,限定祈愿,生命值、伤害加成、对象限制,Weapon
w182,裁断,双手剑,★★★★★,攻击力 48-674,暴击率 4.8%-22.1%,曾经抛弃家名的贵族少女使用过的武器，过去沾染了敌人与挚爱的血液。,诸多朝与暮的誓约,限定祈愿,攻击力、元素战技、层数叠加,Weapon
w183,有乐御簾切,单手剑,★★★★★,攻击力 44-542,暴击伤害 19.2%-88.2%,曾由著名的风雅之士有乐斋亲自监制的名剑，传说在过去数百年间不尝斩过活物。,锦之花与龛中剑,限定祈愿,防御力、元素战技,Weapon
w184,鹤鸣余音,法器,★★★★★,攻击力 49-741,攻击力% 3.6%-16.5%,由纯洁的翡玉琢刻而成的宝扇，萦绕着古老的仙力气息。,云笈降真要诀,限定祈愿,伤害加成、下落攻击、能量回复,Weapon
w185,赤月之形,长柄武器,★★★★★,攻击力 48-674,暴击率 4.8%-22.1%,色泽如赤月般刺眼的锋锐利器。据说在某个古老的王朝中曾被视为贯穿两界的礼器，但如今早已不再有人记得彼时的信仰与典礼。,烬日之影,限定祈愿,伤害加成、自身限制、负面效果,Weapon
w186,冬极白星,弓,★★★★★,攻击力 46-608,暴击率 7.2%-33.1%,N/A,极昼的先兆者,限定祈愿,元素战技、元素爆发、攻击力,Weapon
